x,y,Phytophthora_PA3_RUN5 logistic values
474499.178838266,4432955.58603606,0.55840427
478371.81527373,4438053.24765695,0.08971014
478507.926276113,4430873.63775283,0.6730725
474628.990813098,4433971.15024905,0.51074225
477850.394008106,4435255.02371902,0.3566211
477499.819534493,4433530.09478197,0.7172792
481387.943667635,4433982.47112763,0.538034
481584.016022811,4433922.88752311,0.5117641
477478.774392465,4430367.01775964,0.8562497
478664.499375238,4431013.90701039,0.78160495
477440.34325499,4435066.75039237,0.46103534
473805.036298005,4434472.10105186,0.83540624
479363.99093796,4432988.27759856,0.58782476
477513.339835345,4430321.98176289,0.6996857
475751.494564062,4435485.3597763,0.3992636
477624.034953912,4431106.22442181,0.7180911
478578.955216179,4435857.94086172,0.68371415
477759.666049652,4430806.00885653,0.6598233
476801.644926592,4434768.70983185,0.3489283
479679.272962021,4433069.73710096,0.5645119
478624.753504868,4431595.33966863,0.86279505
477317.102137586,4432161.03871947,0.5019543
477389.601427484,4433486.20027707,0.6379846
477331.268557614,4430851.82827333,0.6867752
483105.818653542,4434799.14261903,0.5538133
477411.101161117,4431327.73178646,0.39589003
474662.217253871,4432829.65291504,0.75822216
474595.68047004,4434948.17526879,0.77777946
482944.330773145,4433965.7794145,0.22156022
477147.274682764,4434525.32007697,0.63504964
474441.366368383,4433592.86338531,0.6169281
473284.9838,4433976.1748,0.19698553
473334.9838,4434026.1748,0.22743791
473384.9838,4434876.1748,0.36161464
473384.9838,4435076.1748,0.18829508
473434.9838,4433876.1748,0.5406538
473434.9838,4434626.1748,0.14805926
473434.9838,4434826.1748,0.43655142
473434.9838,4436626.1748,0.37359598
473434.9838,4436826.1748,0.4949608
473484.9838,4434826.1748,0.2507089
473534.9838,4435076.1748,0.12806697
473534.9838,4435676.1748,0.3517799
473584.9838,4433376.1748,0.58850455
473584.9838,4434176.1748,0.44345388
473584.9838,4435226.1748,0.1594124
473634.9838,4435926.1748,0.15257674
473634.9838,4437126.1748,0.55224943
473634.9838,4437276.1748,0.10082604
473684.9838,4437526.1748,0.13780794
473734.9838,4436126.1748,0.17983682
473734.9838,4436176.1748,0.19651636
473784.9838,4435176.1748,0.15156707
473784.9838,4435276.1748,0.21591128
473784.9838,4436126.1748,0.17041506
473784.9838,4436426.1748,0.17868586
473834.9838,4434126.1748,0.43203375
473834.9838,4435776.1748,0.38050747
473834.9838,4436376.1748,0.18515521
473834.9838,4436426.1748,0.24273916
473834.9838,4437126.1748,0.14808384
473834.9838,4439026.1748,0.005655022
473884.9838,4437076.1748,0.17039037
473884.9838,4437326.1748,0.118392795
473884.9838,4439026.1748,0.01702497
473934.9838,4434626.1748,0.8044142
473934.9838,4437776.1748,0.15505493
474034.9838,4435926.1748,0.1466135
474034.9838,4436976.1748,0.21939833
474034.9838,4437526.1748,0.25177118
474084.9838,4435876.1748,0.28449935
474084.9838,4437276.1748,0.034604013
474134.9838,4433326.1748,0.36020002
474134.9838,4437326.1748,0.03724796
474184.9838,4434076.1748,0.23490424
474184.9838,4436976.1748,0.27216673
474234.9838,4433026.1748,0.3564022
474284.9838,4433626.1748,0.24350397
474284.9838,4435126.1748,0.3598786
474284.9838,4435826.1748,0.40446824
474284.9838,4438976.1748,0.032620866
474284.9838,4439926.1748,0.08813479
474334.9838,4432726.1748,0.1412437
474334.9838,4434226.1748,0.45535898
474384.9838,4433726.1748,0.44078913
474384.9838,4434676.1748,0.7301826
474384.9838,4437776.1748,0.11113451
474384.9838,4439676.1748,0.08973155
474384.9838,4439976.1748,0.05172461
474384.9838,4440326.1748,0.021012863
474434.9838,4435976.1748,0.16390812
474484.9838,4433376.1748,0.5972192
474484.9838,4435026.1748,0.64910316
474484.9838,4436626.1748,0.21653561
474484.9838,4437726.1748,0.015846811
474534.9838,4434726.1748,0.82901883
474534.9838,4439326.1748,0.058623377
474534.9838,4439376.1748,0.075187676
474584.9838,4433676.1748,0.13075946
474584.9838,4435026.1748,0.7471001
474584.9838,4438476.1748,0.0030782484
474584.9838,4439926.1748,0.026678162
474584.9838,4440176.1748,0.10395637
474634.9838,4434026.1748,0.6601877
474634.9838,4436076.1748,0.0897001
474634.9838,4436176.1748,0.08062142
474634.9838,4438476.1748,0.005563947
474634.9838,4440726.1748,0.007298684
474684.9838,4432376.1748,0.41252407
474684.9838,4433476.1748,0.3301194
474684.9838,4435626.1748,0.2534734
474684.9838,4437376.1748,0.07328883
474684.9838,4437726.1748,0.019081794
474684.9838,4438526.1748,0.003084754
474684.9838,4439776.1748,0.1123529
474734.9838,4433176.1748,0.41963753
474734.9838,4433226.1748,0.5100911
474734.9838,4434876.1748,0.34754056
474734.9838,4435276.1748,0.1861351
474734.9838,4439276.1748,0.012950815
474734.9838,4440726.1748,0.021161674
474784.9838,4433426.1748,0.47343156
474784.9838,4433976.1748,0.42359048
474784.9838,4435426.1748,0.24012983
474784.9838,4435726.1748,0.25692365
474784.9838,4439676.1748,0.109165475
474784.9838,4440276.1748,0.16192923
474784.9838,4440726.1748,0.02057534
474834.9838,4433626.1748,0.28427878
474834.9838,4436226.1748,0.17023966
474834.9838,4439176.1748,0.008409961
474834.9838,4439776.1748,0.15758796
474834.9838,4439976.1748,0.10523339
474884.9838,4433276.1748,0.59021455
474884.9838,4434926.1748,0.5196692
474934.9838,4434376.1748,0.5111419
474934.9838,4435376.1748,0.5280021
474934.9838,4440726.1748,0.020182574
474934.9838,4440876.1748,0.0029272218
474934.9838,4441626.1748,0.011377648
474984.9838,4434876.1748,0.46700406
474984.9838,4435376.1748,0.5478826
474984.9838,4435676.1748,0.25949067
474984.9838,4439276.1748,0.015466488
474984.9838,4439826.1748,0.10768685
475034.9838,4432776.1748,0.6858278
475034.9838,4433176.1748,0.4677527
475034.9838,4434176.1748,0.5601972
475084.9838,4432826.1748,0.23345834
475084.9838,4434026.1748,0.26589543
475084.9838,4436376.1748,0.16423725
475084.9838,4441576.1748,0.0011206217
475134.9838,4431976.1748,0.6159424
475134.9838,4434276.1748,0.3204287
475134.9838,4437326.1748,0.007339835
475134.9838,4438176.1748,0.009470294
475134.9838,4438576.1748,0.02256691
475134.9838,4441126.1748,0.012354962
475184.9838,4431126.1748,0.38914692
475184.9838,4431976.1748,0.60312027
475184.9838,4435926.1748,0.10331669
475184.9838,4436476.1748,0.17851698
475184.9838,4436526.1748,0.30743793
475184.9838,4436676.1748,0.38293555
475184.9838,4442126.1748,0.0035490422
475234.9838,4434376.1748,0.33027816
475234.9838,4436226.1748,0.054896664
475234.9838,4437726.1748,0.03644871
475234.9838,4440826.1748,0.001815019
475234.9838,4441476.1748,0.004893691
475234.9838,4441576.1748,0.0059974296
475234.9838,4442126.1748,0.0049657174
475284.9838,4432626.1748,0.19602957
475284.9838,4434376.1748,0.31418428
475284.9838,4434726.1748,0.54900753
475284.9838,4436626.1748,0.2712821
475284.9838,4442176.1748,0.008874698
475334.9838,4430826.1748,0.47542405
475334.9838,4434526.1748,0.26986292
475334.9838,4435876.1748,0.07690207
475334.9838,4437026.1748,0.1325033
475334.9838,4441476.1748,0.004547187
475384.9838,4431476.1748,0.6717347
475384.9838,4432326.1748,0.65701276
475384.9838,4433326.1748,0.3061371
475384.9838,4435926.1748,0.09398384
475384.9838,4436326.1748,0.044433832
475384.9838,4439176.1748,0.037630953
475434.9838,4430776.1748,0.4186793
475434.9838,4433576.1748,0.11989115
475434.9838,4435176.1748,0.4187435
475434.9838,4435626.1748,0.18527333
475434.9838,4436776.1748,0.23634118
475434.9838,4438526.1748,0.015001458
475434.9838,4439526.1748,0.10143895
475434.9838,4442326.1748,0.0032200576
475484.9838,4434026.1748,0.12350961
475484.9838,4434976.1748,0.61007124
475484.9838,4435626.1748,0.23372866
475484.9838,4437026.1748,0.147175
475484.9838,4439976.1748,0.04775953
475484.9838,4440126.1748,0.053198818
475484.9838,4440626.1748,0.009276248
475484.9838,4440926.1748,0.002533747
475484.9838,4441926.1748,0.0071099736
475534.9838,4431326.1748,0.54134566
475534.9838,4435226.1748,0.31473935
475534.9838,4435726.1748,0.31757978
475534.9838,4435976.1748,0.14046566
475534.9838,4436926.1748,0.07681651
475534.9838,4437026.1748,0.15490587
475534.9838,4437226.1748,0.013668022
475584.9838,4434076.1748,0.33254427
475584.9838,4434326.1748,0.44696322
475584.9838,4438526.1748,0.033898916
475584.9838,4440676.1748,0.00912989
475584.9838,4440776.1748,0.002626118
475634.9838,4431926.1748,0.42166597
475634.9838,4432426.1748,0.32429284
475634.9838,4432726.1748,0.21632984
475634.9838,4433476.1748,0.37514722
475634.9838,4435476.1748,0.43459103
475634.9838,4440026.1748,0.07617753
475684.9838,4431026.1748,0.27329004
475684.9838,4431476.1748,0.380218
475684.9838,4434226.1748,0.25812566
475684.9838,4435076.1748,0.26078466
475684.9838,4435926.1748,0.28659472
475684.9838,4436676.1748,0.32587743
475684.9838,4436926.1748,0.20832366
475684.9838,4436976.1748,0.091518395
475684.9838,4437126.1748,0.028886994
475684.9838,4439276.1748,0.010393123
475684.9838,4440526.1748,0.026839402
475684.9838,4440776.1748,0.0030868792
475684.9838,4442376.1748,0.0043929787
475734.9838,4432076.1748,0.43792015
475734.9838,4436476.1748,0.02250632
475734.9838,4436726.1748,0.18608515
475734.9838,4439126.1748,0.008642748
475784.9838,4432176.1748,0.34089825
475784.9838,4433226.1748,0.31333515
475784.9838,4433576.1748,0.30948126
475784.9838,4434476.1748,0.68670344
475784.9838,4435276.1748,0.21393535
475784.9838,4436526.1748,0.027282638
475784.9838,4437326.1748,0.020903941
475784.9838,4438426.1748,0.050223175
475784.9838,4438476.1748,0.06903815
475784.9838,4439926.1748,0.077650785
475784.9838,4440326.1748,0.028325815
475784.9838,4441876.1748,0.005142128
475834.9838,4431076.1748,0.5250116
475834.9838,4434226.1748,0.17179474
475834.9838,4434626.1748,0.6005076
475834.9838,4434676.1748,0.5778944
475834.9838,4436376.1748,0.026539557
475834.9838,4436926.1748,0.11558053
475834.9838,4441226.1748,0.0016348812
475884.9838,4438876.1748,0.010475438
475934.9838,4431576.1748,0.17623876
475934.9838,4432276.1748,0.23852582
475934.9838,4437676.1748,0.0055102967
475934.9838,4442376.1748,0.0048488607
475984.9838,4431776.1748,0.24714555
475984.9838,4432626.1748,0.3038222
475984.9838,4433726.1748,0.43516907
475984.9838,4433876.1748,0.3291275
475984.9838,4435576.1748,0.43585286
475984.9838,4438526.1748,0.029764136
475984.9838,4439626.1748,0.017803933
475984.9838,4439876.1748,0.015421775
476034.9838,4429876.1748,0.4583531
476034.9838,4431826.1748,0.440136
476034.9838,4434626.1748,0.12991987
476034.9838,4438326.1748,0.006724433
476034.9838,4439176.1748,0.046845216
476034.9838,4440976.1748,0.010386271
476084.9838,4430376.1748,0.4325944
476084.9838,4430726.1748,0.6398695
476084.9838,4431576.1748,0.1909072
476084.9838,4432626.1748,0.15180627
476084.9838,4433826.1748,0.2323554
476084.9838,4437626.1748,0.008564048
476084.9838,4438426.1748,0.029308695
476084.9838,4439026.1748,0.091582425
476084.9838,4439826.1748,0.013367732
476084.9838,4441776.1748,0.0021121555
476134.9838,4430276.1748,0.4922175
476134.9838,4431226.1748,0.1235458
476134.9838,4433126.1748,0.26499888
476134.9838,4434926.1748,0.26292548
476134.9838,4439776.1748,0.016603436
476134.9838,4442226.1748,0.0028716265
476184.9838,4431376.1748,0.32410863
476184.9838,4433926.1748,0.15678212
476184.9838,4434776.1748,0.3688572
476184.9838,4435226.1748,0.25945374
476184.9838,4441126.1748,0.005214867
476234.9838,4431776.1748,0.54437685
476234.9838,4432926.1748,0.18631338
476234.9838,4433426.1748,0.46294972
476234.9838,4436426.1748,0.040912166
476234.9838,4438826.1748,0.016877359
476234.9838,4439576.1748,0.042859983
476234.9838,4441276.1748,0.001332111
476234.9838,4441626.1748,0.005700718
476284.9838,4430326.1748,0.47485462
476284.9838,4433976.1748,0.40848988
476284.9838,4435776.1748,0.2659119
476284.9838,4435926.1748,0.25480974
476284.9838,4437626.1748,0.018506998
476284.9838,4438426.1748,0.0057378975
476284.9838,4439026.1748,0.02431883
476284.9838,4439576.1748,0.06529879
476284.9838,4441226.1748,0.0017797109
476284.9838,4442226.1748,0.0037448094
476334.9838,4430176.1748,0.38150448
476334.9838,4431026.1748,0.521655
476334.9838,4434626.1748,0.07845371
476384.9838,4430226.1748,0.58888257
476384.9838,4433126.1748,0.16633917
476384.9838,4435376.1748,0.057965834
476384.9838,4437576.1748,0.020542689
476434.9838,4430626.1748,0.6381975
476434.9838,4431526.1748,0.5018466
476434.9838,4436176.1748,0.3616859
476434.9838,4437126.1748,0.089086935
476434.9838,4437376.1748,0.025795603
476434.9838,4439626.1748,0.083581366
476434.9838,4441676.1748,0.0011911298
476484.9838,4429526.1748,0.26706886
476484.9838,4429976.1748,0.5312667
476484.9838,4430576.1748,0.60136205
476484.9838,4432726.1748,0.6013581
476484.9838,4435376.1748,0.10840258
476484.9838,4435726.1748,0.32773724
476484.9838,4436326.1748,0.049095236
476484.9838,4438226.1748,0.023282396
476484.9838,4442226.1748,0.002905744
476534.9838,4432826.1748,0.24449043
476534.9838,4437076.1748,0.08231591
476534.9838,4439026.1748,0.03386412
476534.9838,4441326.1748,0.0019613355
476534.9838,4441976.1748,0.0013755348
476584.9838,4430276.1748,0.44912386
476584.9838,4431576.1748,0.51778656
476584.9838,4432776.1748,0.22345026
476584.9838,4433376.1748,0.35564044
476584.9838,4436576.1748,0.1772186
476634.9838,4430876.1748,0.71218294
476634.9838,4432376.1748,0.26763597
476634.9838,4433526.1748,0.24601822
476634.9838,4435726.1748,0.07027272
476634.9838,4436226.1748,0.4215551
476634.9838,4440326.1748,9.3469914E-4
476684.9838,4429926.1748,0.5470071
476684.9838,4430126.1748,0.656789
476684.9838,4430476.1748,0.7633583
476684.9838,4436726.1748,0.18748006
476684.9838,4438076.1748,0.06071895
476734.9838,4433876.1748,0.5536713
476734.9838,4435376.1748,0.06366879
476734.9838,4436476.1748,0.5612854
476734.9838,4437426.1748,0.06381554
476734.9838,4438176.1748,0.05449677
476734.9838,4439526.1748,0.017481018
476734.9838,4439776.1748,0.20886686
476784.9838,4434676.1748,0.4192042
476784.9838,4435076.1748,0.4772861
476784.9838,4436076.1748,0.26845816
476784.9838,4436876.1748,0.18613844
476784.9838,4440676.1748,4.5021407E-5
476834.9838,4430526.1748,0.8008971
476834.9838,4431876.1748,0.22607546
476834.9838,4433576.1748,0.55612314
476834.9838,4434576.1748,0.40289688
476834.9838,4436626.1748,0.107345946
476834.9838,4438576.1748,0.07043672
476834.9838,4439276.1748,0.082551435
476834.9838,4440676.1748,3.8018534E-5
476884.9838,4429576.1748,0.396236
476884.9838,4430576.1748,0.8308567
476884.9838,4431576.1748,0.6555387
476884.9838,4437976.1748,0.25457066
476884.9838,4441876.1748,0.0012939881
476934.9838,4431376.1748,0.59386885
476934.9838,4434076.1748,0.68592644
476934.9838,4435026.1748,0.30821157
476934.9838,4437526.1748,0.0649185
476984.9838,4430726.1748,0.717445
476984.9838,4441526.1748,0.01872832
477034.9838,4432176.1748,0.13795283
477034.9838,4432826.1748,0.42068458
477034.9838,4434376.1748,0.5430318
477034.9838,4434926.1748,0.59776056
477034.9838,4435476.1748,0.13690239
477034.9838,4438126.1748,0.17548925
477034.9838,4440376.1748,5.77887E-4
477034.9838,4441526.1748,0.020157563
477084.9838,4429876.1748,0.6926553
477084.9838,4432876.1748,0.2575209
477084.9838,4434876.1748,0.57198805
477084.9838,4439026.1748,0.11331032
477084.9838,4439126.1748,0.050779905
477134.9838,4435826.1748,0.21783634
477134.9838,4436726.1748,0.10960814
477134.9838,4437626.1748,0.11493661
477134.9838,4438526.1748,0.035154812
477134.9838,4438626.1748,0.1032225
477134.9838,4441276.1748,0.022076532
477184.9838,4433226.1748,0.1731476
477184.9838,4434176.1748,0.6244799
477184.9838,4438276.1748,0.033338144
477184.9838,4440226.1748,0.001613985
477184.9838,4441826.1748,0.007787623
477234.9838,4430776.1748,0.6791942
477234.9838,4432226.1748,0.586754
477234.9838,4436576.1748,0.0788314
477234.9838,4437026.1748,0.04037498
477234.9838,4437526.1748,0.0626144
477234.9838,4438026.1748,0.23705402
477284.9838,4432526.1748,0.11108288
477284.9838,4433726.1748,0.64832515
477284.9838,4434626.1748,0.70741403
477284.9838,4437526.1748,0.051932424
477284.9838,4438676.1748,0.04233503
477334.9838,4430676.1748,0.7892961
477334.9838,4442076.1748,0.049548462
477384.9838,4429276.1748,0.621989
477384.9838,4431476.1748,0.64445657
477384.9838,4432976.1748,0.58155817
477384.9838,4435276.1748,0.05540426
477384.9838,4435826.1748,0.30117404
477384.9838,4438226.1748,0.08788052
477384.9838,4438476.1748,0.053810522
477384.9838,4441926.1748,9.394916E-5
477434.9838,4431976.1748,0.5283589
477434.9838,4433376.1748,0.68407315
477434.9838,4434576.1748,0.5178096
477434.9838,4434876.1748,0.16996343
477434.9838,4435826.1748,0.17315684
477434.9838,4436926.1748,0.05865401
477434.9838,4439326.1748,0.13588235
477434.9838,4440526.1748,6.255498E-5
477434.9838,4440826.1748,2.0437407E-4
477484.9838,4430226.1748,0.838721
477484.9838,4436326.1748,0.049832206
477484.9838,4439376.1748,0.13412172
477484.9838,4439676.1748,0.10086994
477534.9838,4431326.1748,0.4944512
477534.9838,4432226.1748,0.73134553
477534.9838,4437826.1748,0.44131657
477534.9838,4440426.1748,3.493212E-4
477584.9838,4429526.1748,0.50900173
477584.9838,4436026.1748,0.18450923
477634.9838,4432276.1748,0.3868453
477634.9838,4434626.1748,0.31332937
477634.9838,4435526.1748,0.055806756
477634.9838,4439526.1748,0.22462876
477634.9838,4439626.1748,0.20923021
477634.9838,4441376.1748,0.0071361274
477684.9838,4436076.1748,0.16774279
477734.9838,4432626.1748,0.35240102
477734.9838,4436926.1748,0.00899605
477734.9838,4439076.1748,0.17817008
477734.9838,4439976.1748,9.4711373E-4
477784.9838,4430926.1748,0.7141327
477784.9838,4434626.1748,0.55297786
477784.9838,4434926.1748,0.21520464
477784.9838,4440426.1748,3.953726E-4
477784.9838,4441176.1748,0.036174715
477834.9838,4434676.1748,0.6699342
477834.9838,4434826.1748,0.6099469
477834.9838,4434926.1748,0.28216782
477834.9838,4435676.1748,0.1268242
477834.9838,4435826.1748,0.47500697
477834.9838,4436126.1748,0.14597951
477834.9838,4436276.1748,0.11497137
477834.9838,4436726.1748,0.0659345
477834.9838,4438726.1748,0.1719283
477884.9838,4434476.1748,0.66519177
477884.9838,4435776.1748,0.27711675
477934.9838,4433876.1748,0.3017044
477934.9838,4434476.1748,0.66202134
477934.9838,4441826.1748,0.13567288
477984.9838,4431776.1748,0.7045496
477984.9838,4432526.1748,0.40517434
477984.9838,4434426.1748,0.5988514
477984.9838,4435976.1748,0.35734826
477984.9838,4437976.1748,0.13465008
477984.9838,4439126.1748,0.3749085
477984.9838,4439376.1748,7.060125E-4
478034.9838,4432426.1748,0.39183646
478034.9838,4436976.1748,0.16035825
478034.9838,4437676.1748,0.5678882
478034.9838,4438226.1748,0.34176308
478034.9838,4438676.1748,0.24407679
478084.9838,4432376.1748,0.4127725
478084.9838,4433676.1748,0.20327504
478084.9838,4434676.1748,0.40417278
478084.9838,4435276.1748,0.36352164
478084.9838,4435826.1748,0.5590774
478084.9838,4435926.1748,0.13673286
478084.9838,4439926.1748,0.0012245193
478134.9838,4430576.1748,0.5250855
478134.9838,4432076.1748,0.2607175
478134.9838,4435776.1748,0.5095998
478134.9838,4439126.1748,0.41866615
478134.9838,4439426.1748,0.0016976797
478134.9838,4441776.1748,0.10555597
478184.9838,4429726.1748,0.80792814
478184.9838,4430976.1748,0.57816255
478184.9838,4433076.1748,0.6598004
478234.9838,4430126.1748,0.4730744
478234.9838,4433226.1748,0.43191546
478234.9838,4433476.1748,0.09297385
478284.9838,4434426.1748,0.20045789
478284.9838,4434626.1748,0.5396392
478334.9838,4429976.1748,0.7784406
478334.9838,4430976.1748,0.24213201
478334.9838,4432476.1748,0.50357234
478334.9838,4436576.1748,0.017030967
478334.9838,4440326.1748,9.3468156E-4
478384.9838,4430326.1748,0.8681789
478384.9838,4432576.1748,0.5726721
478384.9838,4433076.1748,0.5330166
478384.9838,4435076.1748,0.19298923
478384.9838,4435226.1748,0.3182629
478384.9838,4437626.1748,0.19297102
478434.9838,4429626.1748,0.7882427
478434.9838,4436176.1748,0.115410395
478434.9838,4437526.1748,0.27954146
478434.9838,4440426.1748,0.004754419
478434.9838,4441276.1748,3.2909273E-4
478484.9838,4437276.1748,0.058303464
478484.9838,4439226.1748,0.00449251
478534.9838,4429826.1748,0.59396464
478534.9838,4430226.1748,0.66997015
478534.9838,4433976.1748,0.51213783
478534.9838,4435576.1748,0.5545158
478584.9838,4436376.1748,0.033715967
478584.9838,4436526.1748,0.032922
478584.9838,4438976.1748,7.41621E-4
478584.9838,4440076.1748,8.177361E-4
478584.9838,4440226.1748,5.5134203E-4
478634.9838,4434176.1748,0.1216584
478684.9838,4431276.1748,0.7088788
478684.9838,4431326.1748,0.7999453
478684.9838,4431676.1748,0.7157662
478684.9838,4436676.1748,0.08352173
478684.9838,4441176.1748,5.004389E-4
478734.9838,4431126.1748,0.6582102
478734.9838,4431826.1748,0.47633725
478734.9838,4435926.1748,0.48464563
478734.9838,4438776.1748,5.56424E-4
478734.9838,4440026.1748,2.7573085E-4
478734.9838,4440926.1748,8.8677485E-4
478784.9838,4436176.1748,0.30858713
478784.9838,4437376.1748,0.306412
478834.9838,4433726.1748,0.40842235
478834.9838,4434976.1748,0.24656063
478834.9838,4438826.1748,0.0015969899
478834.9838,4439876.1748,9.671149E-4
478834.9838,4440376.1748,1.827594E-4
478834.9838,4441226.1748,2.0612754E-4
478884.9838,4431676.1748,0.5405984
478884.9838,4434976.1748,0.12911832
478884.9838,4435276.1748,0.3521063
478884.9838,4438926.1748,0.0011347416
478884.9838,4440326.1748,9.6784753E-4
478934.9838,4430176.1748,0.21259743
478934.9838,4430226.1748,0.25893876
478934.9838,4432326.1748,0.4940714
478934.9838,4433526.1748,0.5834259
478934.9838,4433676.1748,0.67725444
478934.9838,4433976.1748,0.09307046
478934.9838,4435526.1748,0.18273318
478934.9838,4437676.1748,0.0717501
478984.9838,4430576.1748,0.42397663
478984.9838,4432226.1748,0.5828916
478984.9838,4433126.1748,0.5283357
478984.9838,4433876.1748,0.16973807
478984.9838,4434376.1748,0.22660758
478984.9838,4436726.1748,0.4031779
478984.9838,4437176.1748,0.14243807
478984.9838,4438076.1748,0.19081835
478984.9838,4438776.1748,4.532614E-4
478984.9838,4439226.1748,0.0010055652
478984.9838,4441126.1748,3.523297E-4
479034.9838,4432926.1748,0.4083796
479034.9838,4434776.1748,0.32375437
479034.9838,4435826.1748,0.39096412
479034.9838,4440276.1748,2.430035E-4
479034.9838,4440676.1748,4.047667E-4
479084.9838,4430526.1748,0.40079913
479084.9838,4431326.1748,0.63733006
479084.9838,4432776.1748,0.46907228
479134.9838,4431776.1748,0.4014807
479134.9838,4437026.1748,0.24145909
479134.9838,4440176.1748,0.0011397622
479134.9838,4440526.1748,0.0013124382
479184.9838,4429826.1748,0.35195968
479184.9838,4430726.1748,0.3249475
479184.9838,4433876.1748,0.02690564
479184.9838,4434426.1748,0.08520906
479184.9838,4435076.1748,0.3140472
479184.9838,4435276.1748,0.49201915
479184.9838,4436326.1748,0.4759958
479184.9838,4436576.1748,0.7187051
479184.9838,4438926.1748,5.850677E-4
479184.9838,4439676.1748,0.002444007
479184.9838,4439876.1748,0.0012827299
479234.9838,4433676.1748,0.08034356
479234.9838,4435826.1748,0.051724892
479234.9838,4436826.1748,0.5480971
479284.9838,4429726.1748,0.2845307
479284.9838,4429976.1748,0.32085064
479284.9838,4431326.1748,0.46667168
479284.9838,4432626.1748,0.5074024
479284.9838,4432926.1748,0.53825104
479284.9838,4439976.1748,0.0013463867
479284.9838,4440076.1748,0.0011879186
479334.9838,4432626.1748,0.6725446
479334.9838,4435426.1748,0.5470536
479334.9838,4441176.1748,2.8014442E-4
479384.9838,4431026.1748,0.2461971
479384.9838,4433976.1748,0.1539067
479384.9838,4436126.1748,0.15761793
479384.9838,4437226.1748,0.0055702482
479384.9838,4437526.1748,0.004617752
479384.9838,4439926.1748,0.0012951051
479434.9838,4429726.1748,0.16135873
479434.9838,4434426.1748,0.072788894
479434.9838,4434976.1748,0.47398117
479434.9838,4435476.1748,0.4896163
479484.9838,4430126.1748,0.2040498
479484.9838,4430776.1748,0.4066689
479484.9838,4438326.1748,0.12839441
479484.9838,4439576.1748,0.0024831751
479534.9838,4429676.1748,0.5662804
479534.9838,4431026.1748,0.33740443
479534.9838,4431176.1748,0.36256433
479534.9838,4432626.1748,0.23879704
479534.9838,4434126.1748,0.33260965
479534.9838,4436526.1748,0.008508226
479534.9838,4438326.1748,0.0017730843
479584.9838,4434226.1748,0.3362782
479584.9838,4434526.1748,0.20209236
479584.9838,4435076.1748,0.012013064
479584.9838,4435876.1748,0.5180128
479584.9838,4437226.1748,0.0034002105
479584.9838,4437276.1748,0.0024237945
479584.9838,4437826.1748,0.003772047
479584.9838,4440476.1748,0.0034744313
479634.9838,4429876.1748,0.5961059
479634.9838,4429976.1748,0.43441504
479634.9838,4434426.1748,0.22910379
479634.9838,4435926.1748,0.45518804
479634.9838,4439776.1748,5.9023284E-4
479684.9838,4435976.1748,0.41861728
479684.9838,4436526.1748,0.009980113
479684.9838,4437476.1748,0.004995557
479684.9838,4437576.1748,0.0032928032
479684.9838,4437676.1748,0.006308429
479684.9838,4439526.1748,4.919618E-4
479684.9838,4440576.1748,0.0021182077
479734.9838,4432976.1748,0.38403293
479734.9838,4434326.1748,0.36368334
479734.9838,4437476.1748,0.00662038
479734.9838,4438376.1748,6.3435285E-4
479784.9838,4430826.1748,0.40356132
479784.9838,4431326.1748,0.49097192
479784.9838,4431376.1748,0.39673874
479784.9838,4432726.1748,0.24187481
479784.9838,4435776.1748,0.0067548337
479834.9838,4430226.1748,0.58431417
479834.9838,4435026.1748,0.35842547
479834.9838,4435726.1748,0.0039883894
479834.9838,4437526.1748,0.002272562
479834.9838,4438226.1748,0.004268941
479834.9838,4438776.1748,0.0017647083
479884.9838,4438176.1748,0.0010551225
479884.9838,4438476.1748,0.0013781169
479934.9838,4431426.1748,0.3931974
479934.9838,4432776.1748,0.4701184
479934.9838,4433226.1748,0.11122338
479934.9838,4437176.1748,0.004002265
479984.9838,4430176.1748,0.42404932
479984.9838,4435476.1748,0.0028184832
480034.9838,4432276.1748,0.4613163
480034.9838,4432476.1748,0.24565582
480034.9838,4433526.1748,0.41416946
480034.9838,4434426.1748,0.42771053
480034.9838,4434926.1748,0.539094
480034.9838,4436476.1748,0.009038314
480034.9838,4437076.1748,0.0045607253
480034.9838,4439476.1748,0.008358762
480084.9838,4431426.1748,0.5298862
480084.9838,4432076.1748,0.71894497
480084.9838,4432226.1748,0.6108074
480084.9838,4432476.1748,0.27467227
480084.9838,4433476.1748,0.4735383
480084.9838,4434326.1748,0.24795146
480084.9838,4436226.1748,0.0048626075
480084.9838,4436676.1748,0.017552238
480084.9838,4437276.1748,0.0034251278
480084.9838,4440576.1748,2.0502711E-4
480134.9838,4431676.1748,0.09812648
480134.9838,4432626.1748,0.36877954
480134.9838,4433226.1748,0.15234496
480134.9838,4436476.1748,0.021413513
480134.9838,4436826.1748,0.014351353
480134.9838,4437926.1748,0.0025541235
480134.9838,4439676.1748,0.00257487
480134.9838,4439726.1748,0.004440854
480134.9838,4440276.1748,0.0016596642
480134.9838,4440426.1748,5.202318E-4
480184.9838,4433826.1748,0.35259354
480184.9838,4438726.1748,0.0019698928
480184.9838,4438776.1748,0.002597911
480184.9838,4439476.1748,0.0038623263
480234.9838,4429976.1748,0.60791165
480234.9838,4430376.1748,0.45362872
480234.9838,4431276.1748,0.51304674
480234.9838,4431676.1748,0.48904508
480234.9838,4432376.1748,0.5246795
480234.9838,4433976.1748,0.5668571
480234.9838,4435126.1748,0.01621188
480234.9838,4435626.1748,0.009488207
480284.9838,4431226.1748,0.6178287
480284.9838,4435976.1748,0.0059040496
480284.9838,4437076.1748,0.004311208
480334.9838,4430626.1748,0.5359911
480334.9838,4431926.1748,0.38242218
480334.9838,4433426.1748,0.07140297
480334.9838,4433576.1748,0.61011183
480384.9838,4430676.1748,0.4657137
480384.9838,4432376.1748,0.4815799
480384.9838,4433276.1748,0.10347788
480384.9838,4433576.1748,0.6588377
480384.9838,4434876.1748,0.18373075
480384.9838,4434926.1748,0.3023902
480384.9838,4437126.1748,0.002984796
480384.9838,4437926.1748,0.004432155
480384.9838,4438376.1748,0.0021681
480434.9838,4430376.1748,0.53484577
480434.9838,4431176.1748,0.40347594
480434.9838,4434626.1748,0.21937293
480434.9838,4435626.1748,0.018297262
480434.9838,4435976.1748,0.49034548
480434.9838,4437126.1748,0.0013651699
480434.9838,4437276.1748,0.0022228993
480434.9838,4439176.1748,0.0040438147
480484.9838,4430976.1748,0.37294063
480484.9838,4432026.1748,0.36234072
480484.9838,4434826.1748,0.08284192
480484.9838,4440126.1748,0.001889195
480534.9838,4435026.1748,0.5518807
480534.9838,4435576.1748,0.0059012556
480534.9838,4435626.1748,0.0101681445
480534.9838,4435726.1748,0.016891971
480534.9838,4437726.1748,0.0052495943
480534.9838,4439476.1748,0.003567627
480584.9838,4430526.1748,0.53453493
480584.9838,4432476.1748,0.34244907
480584.9838,4433226.1748,0.10660993
480584.9838,4433926.1748,0.48605374
480584.9838,4434626.1748,0.20706947
480584.9838,4439376.1748,8.886271E-4
480584.9838,4439826.1748,2.815715E-4
480634.9838,4431176.1748,0.55459094
480634.9838,4435076.1748,0.015081275
480634.9838,4438476.1748,8.9938415E-4
480684.9838,4431576.1748,0.53318006
480684.9838,4433126.1748,0.4470427
480684.9838,4434776.1748,0.27296078
480684.9838,4435426.1748,0.009524325
480684.9838,4437476.1748,0.002777687
480684.9838,4439526.1748,0.0028608383
480734.9838,4432776.1748,0.43643236
480734.9838,4433676.1748,0.56798947
480734.9838,4436326.1748,0.34737885
480734.9838,4439976.1748,3.6716362E-4
480784.9838,4431126.1748,0.46400127
480784.9838,4433976.1748,0.3085624
480834.9838,4436676.1748,0.4792135
480834.9838,4436926.1748,0.40212938
480834.9838,4438326.1748,0.00515493
480884.9838,4432376.1748,0.40327007
480884.9838,4432576.1748,0.39902225
480884.9838,4435026.1748,0.5590513
480934.9838,4432276.1748,0.3669691
480934.9838,4434876.1748,0.4113963
480934.9838,4438576.1748,0.0021520779
480934.9838,4438976.1748,0.0022008205
480984.9838,4431976.1748,0.3311671
480984.9838,4432426.1748,0.36450785
480984.9838,4432676.1748,0.51735497
480984.9838,4432976.1748,0.35829517
480984.9838,4433976.1748,0.4848684
480984.9838,4434376.1748,0.19174604
480984.9838,4435876.1748,0.16651027
480984.9838,4437826.1748,0.006718438
480984.9838,4439576.1748,0.0072022034
481034.9838,4432176.1748,0.40235937
481034.9838,4434476.1748,0.12452295
481034.9838,4434826.1748,0.1875679
481034.9838,4437126.1748,0.11162888
481034.9838,4437176.1748,0.28689286
481034.9838,4437626.1748,0.006991369
481034.9838,4437676.1748,0.005355152
481084.9838,4429976.1748,0.24120641
481084.9838,4430576.1748,0.41621724
481084.9838,4438126.1748,0.2884194
481134.9838,4430226.1748,0.3062922
481134.9838,4431026.1748,0.36935043
481134.9838,4431626.1748,0.61147726
481134.9838,4433076.1748,0.68681985
481134.9838,4433676.1748,0.4404195
481184.9838,4430526.1748,0.28282255
481184.9838,4433076.1748,0.27753153
481184.9838,4433776.1748,0.29624853
481184.9838,4436626.1748,0.26109767
481234.9838,4432126.1748,0.42384934
481234.9838,4432926.1748,0.51138353
481234.9838,4433426.1748,0.45789254
481234.9838,4433976.1748,0.4258014
481234.9838,4436376.1748,0.36261612
481234.9838,4437276.1748,0.353228
481284.9838,4430376.1748,0.25703028
481284.9838,4430876.1748,0.58462
481284.9838,4431126.1748,0.120382786
481284.9838,4431276.1748,0.16337734
481284.9838,4432976.1748,0.17583835
481284.9838,4434826.1748,0.23920406
481284.9838,4436876.1748,0.21569392
481284.9838,4436976.1748,0.18212876
481284.9838,4437076.1748,0.14552751
481334.9838,4436376.1748,0.13877098
481334.9838,4438026.1748,0.06925595
481334.9838,4438926.1748,0.014508326
481384.9838,4432376.1748,0.48701367
481384.9838,4434226.1748,0.6230764
481384.9838,4436126.1748,0.095094316
481384.9838,4437026.1748,0.033619612
481384.9838,4437676.1748,0.17952567
481434.9838,4431776.1748,0.3811678
481434.9838,4432576.1748,0.53219366
481434.9838,4433076.1748,0.117109895
481434.9838,4433876.1748,0.4952561
481434.9838,4434676.1748,0.14620045
481434.9838,4437976.1748,0.06995675
481484.9838,4430676.1748,0.11347286
481484.9838,4431926.1748,0.2602352
481484.9838,4434476.1748,0.33951545
481484.9838,4435926.1748,0.1010229
481484.9838,4439426.1748,0.0034423124
481534.9838,4430226.1748,0.2685442
481534.9838,4430976.1748,0.045285847
481534.9838,4431026.1748,0.06550362
481534.9838,4431226.1748,0.049945317
481534.9838,4432326.1748,0.55930835
481534.9838,4433176.1748,0.11524963
481534.9838,4435126.1748,0.15250942
481534.9838,4435176.1748,0.13388796
481534.9838,4438376.1748,0.0040929597
481584.9838,4433176.1748,0.18078539
481584.9838,4433476.1748,0.36213997
481584.9838,4433676.1748,0.24770345
481584.9838,4433826.1748,0.50032413
481584.9838,4439076.1748,0.0017986504
481634.9838,4431676.1748,0.13239022
481634.9838,4434076.1748,0.45502934
481634.9838,4437776.1748,0.069692984
481684.9838,4430676.1748,0.21987937
481684.9838,4431276.1748,0.38779458
481684.9838,4431576.1748,0.05561863
481684.9838,4431876.1748,0.1804643
481684.9838,4437776.1748,7.734229E-4
481734.9838,4430426.1748,0.09473298
481734.9838,4435226.1748,0.51021856
481734.9838,4435676.1748,0.209074
481734.9838,4435976.1748,0.096503675
481784.9838,4432776.1748,0.67134714
481784.9838,4433226.1748,0.34225446
481784.9838,4435326.1748,0.17721817
481784.9838,4438276.1748,0.0011630494
481784.9838,4439376.1748,6.636775E-4
481834.9838,4430626.1748,0.42217544
481834.9838,4431826.1748,0.085885435
481834.9838,4434726.1748,0.28588188
481834.9838,4437326.1748,0.0016176098
481834.9838,4437576.1748,0.001817106
481834.9838,4438876.1748,0.0022093402
481834.9838,4438976.1748,0.0013771661
481884.9838,4430976.1748,0.24275133
481884.9838,4431576.1748,0.4711515
481884.9838,4432176.1748,0.12674332
481884.9838,4432726.1748,0.29914024
481934.9838,4431826.1748,0.073872164
481934.9838,4432376.1748,0.49567983
481934.9838,4437626.1748,0.0033215317
481934.9838,4437726.1748,0.0011172278
481984.9838,4430276.1748,0.13443439
481984.9838,4438576.1748,0.0010255529
481984.9838,4438726.1748,6.030738E-4
482034.9838,4431276.1748,0.45457658
482034.9838,4434226.1748,0.24086034
482034.9838,4437476.1748,0.0010152654
482084.9838,4433676.1748,0.15266849
482084.9838,4433926.1748,0.23680185
482084.9838,4434126.1748,0.3256852
482084.9838,4434726.1748,0.19392598
482084.9838,4434976.1748,0.22156142
482084.9838,4435776.1748,0.18418132
482084.9838,4436726.1748,0.14478536
482084.9838,4438626.1748,4.7356216E-4
482134.9838,4430326.1748,0.27988425
482134.9838,4435026.1748,0.2516665
482134.9838,4437576.1748,7.245369E-4
482184.9838,4430576.1748,0.44513312
482184.9838,4431226.1748,0.23830414
482184.9838,4432526.1748,0.70485
482184.9838,4433276.1748,0.22099216
482184.9838,4433826.1748,0.28634283
482184.9838,4435126.1748,0.31113538
482184.9838,4437376.1748,0.11611076
482234.9838,4434776.1748,0.17479245
482234.9838,4435326.1748,0.621174
482234.9838,4438576.1748,2.3560258E-4
482284.9838,4431476.1748,0.24622221
482284.9838,4432776.1748,0.22816837
482284.9838,4435126.1748,0.19688217
482284.9838,4435476.1748,0.3480569
482284.9838,4438126.1748,0.0010823077
482334.9838,4430826.1748,0.47420916
482334.9838,4431176.1748,0.23698564
482334.9838,4431776.1748,0.42597264
482334.9838,4431926.1748,0.32005557
482334.9838,4432276.1748,0.40415123
482334.9838,4433626.1748,0.20982018
482334.9838,4434276.1748,0.16128157
482334.9838,4434776.1748,0.16573636
482334.9838,4434926.1748,0.3137131
482334.9838,4437326.1748,0.059401106
482334.9838,4437726.1748,0.056605335
482384.9838,4434776.1748,0.17137526
482384.9838,4435776.1748,0.116928875
482434.9838,4430326.1748,0.68325764
482434.9838,4434626.1748,0.18454881
482434.9838,4437026.1748,0.38498172
482484.9838,4430726.1748,0.21981253
482484.9838,4433726.1748,0.17549677
482484.9838,4435476.1748,0.1866748
482484.9838,4436826.1748,0.28114212
482484.9838,4438376.1748,0.0039005615
482584.9838,4431976.1748,0.5612081
482584.9838,4435126.1748,0.21524161
482584.9838,4437126.1748,0.22439742
482634.9838,4430776.1748,0.17616282
482634.9838,4433776.1748,0.14829
482634.9838,4436876.1748,0.13577515
482634.9838,4437176.1748,0.21794096
482634.9838,4437976.1748,0.19589257
482684.9838,4431726.1748,0.6883915
482684.9838,4436926.1748,0.11495828
482684.9838,4437476.1748,0.13710351
482734.9838,4434226.1748,0.12579198
482734.9838,4435026.1748,0.21925227
482734.9838,4436476.1748,0.38682345
482784.9838,4431276.1748,0.38926044
482784.9838,4431326.1748,0.5248612
482784.9838,4433076.1748,0.18262292
482834.9838,4433576.1748,0.45342794
482834.9838,4434276.1748,0.16982031
482884.9838,4431526.1748,0.22843699
482884.9838,4432776.1748,0.3092808
482884.9838,4433076.1748,0.23066194
482884.9838,4437076.1748,0.11074061
482934.9838,4433476.1748,0.2619885
482934.9838,4433626.1748,0.19086318
482934.9838,4435376.1748,0.056150302
482934.9838,4437326.1748,0.07629412
482984.9838,4430976.1748,0.17143281
482984.9838,4432676.1748,0.108370736
482984.9838,4433026.1748,0.23836972
482984.9838,4435176.1748,0.21405917
483034.9838,4431976.1748,0.390381
483084.9838,4431326.1748,0.3179541
483134.9838,4433876.1748,0.16949692
483184.9838,4435476.1748,0.15586995
483234.9838,4433276.1748,0.27764025
483234.9838,4433426.1748,0.61300796
483234.9838,4434626.1748,0.14900464
483234.9838,4434926.1748,0.55361444
483234.9838,4435326.1748,0.31366
483284.9838,4434426.1748,0.5061376
483284.9838,4434726.1748,0.21249636
483284.9838,4435376.1748,0.2542379
483334.9838,4434176.1748,0.16602822
483334.9838,4434926.1748,0.17776668
483334.9838,4435476.1748,0.19913623
483384.9838,4432026.1748,0.5079396
483384.9838,4432176.1748,0.52164984
483434.9838,4434976.1748,0.08590858
483534.9838,4434376.1748,0.31501043
483584.9838,4433026.1748,0.18446904
483584.9838,4433176.1748,0.292733
483584.9838,4434026.1748,0.19776365
483634.9838,4431726.1748,0.19450329
483634.9838,4432776.1748,0.17358568
483684.9838,4433176.1748,0.13004193
483684.9838,4434026.1748,0.13854988
483834.9838,4433126.1748,0.11451425
483884.9838,4433476.1748,0.14308819
483934.9838,4432076.1748,0.31663844
483934.9838,4433926.1748,0.58402085
483984.9838,4433076.1748,0.19458793
483984.9838,4434026.1748,0.47820562
484034.9838,4433876.1748,0.67256993
