roads,rivers,aspect,elevation,fla,slope,tpi,twi,clay,nitrogen,soc,pH,sand,silt,bkd,BIO01,BIO02,BIO05,BIO06,BIO08,BIO09,BIO10,BIO11,BIO12,BIO13,BIO14,BIO15,BIO16,BIO17,BIO18,BIO19,BIO3,BIO4,BIO7,green,ndvi,ndwi,gndvi,last
7.501613140106201,293.8075866699219,94.1419677734375,239.41404724121094,2368.679931640625,0.8614929914474487,-0.017660215497016907,9.151602745056152,24.60074234008789,19.573705673217773,24.33868980407715,0.6541944980621338,39.84706115722656,35.59172439575195,1.293382167816162,16.179157257080078,10.116867065429688,31.760772705078125,5.165276050567627,14.48581600189209,25.090421676635742,25.090421676635742,9.264028549194336,695.4765625,109.42311096191406,7.1976423263549805,53.346187591552734,303.4294128417969,25.08670997619629,25.08670997619629,217.62411499023438,38.03812026977539,576.093505859375,26.594209671020508,0.1172386184334755,0.2817271649837494,-0.33176958560943604,-0.33176958560943604,1
28.68671226501465,334.5615539550781,131.60414123535156,240.20018005371094,1614.7310791015625,1.3332276344299316,0.006114593707025051,8.551145553588867,24.571338653564453,19.594587326049805,24.564857482910156,0.6539530277252197,39.79462814331055,35.67691421508789,1.2905935049057007,16.174959182739258,10.108534812927246,31.751232147216797,5.164316654205322,14.482024192810059,25.08633041381836,25.08633041381836,9.259591102600098,696.3206787109375,109.54361724853516,7.20668888092041,53.35177993774414,303.73065185546875,25.114356994628906,25.114356994628906,217.96612548828125,38.01896286010742,576.079833984375,26.585630416870117,0.1030944287776947,0.35733601450920105,-0.3640298545360565,-0.3640298545360565,1
116.10160064697266,253.00299072265625,194.02781677246094,245.30828857421875,811.67724609375,0.9325817227363586,0.09378867596387863,8.270407676696777,25.406749725341797,17.96526336669922,23.332107543945313,0.6699999809265137,36.119529724121094,38.47372055053711,1.2719529867172241,16.161869049072266,9.893736839294434,31.482410430908203,5.495528221130371,14.498108863830566,24.947986602783203,24.947986602783203,9.343083381652832,710.3050537109375,112.2391586303711,7.295228481292725,53.6374397277832,310.1453552246094,25.699695587158203,25.699695587158203,223.90501403808594,38.072444915771484,571.14923095703125,25.985658645629883,0.09952498227357864,0.42705854773521423,-0.4216272234916687,-0.4216272234916687,1
97.90497589111328,140.91151428222656,220.90127563476563,167.10780334472656,7170.04931640625,3.284165620803833,0.13115181028842926,9.05363941192627,24.348167419433594,19.492238998413086,19.33749008178711,0.6680654048919678,40.298255920410156,35.32767868041992,1.30089271068573,16.45204734802246,10.014765739440918,31.756099700927734,5.664425373077393,14.84080696105957,25.082563400268555,25.082563400268555,9.70700454711914,675.1734619140625,108.70053100585938,6.617007732391357,54.16081619262695,299.8471984863281,22.884849548339844,22.884849548339844,210.8628387451172,38.39554977416992,560.15399169921875,26.09547233581543,0.12284031510353088,0.2795105576515198,-0.33678948879241943,-0.33678948879241943,1
74.2372055053711,324.8117370605469,219.59628295898438,179.30885314941406,6988.5849609375,2.9348082542419434,-0.2451189011335373,9.173948287963867,24.5396671295166,18.659502029418945,19.168127059936523,0.6715558528900146,39.90536117553711,35.475440979003906,1.3137766122817993,16.41220474243164,9.9619598388671875,31.708524703979492,5.644961357116699,14.792227745056152,25.054153442382813,25.054153442382813,9.6591339111328125,682.1827392578125,109.62493133544922,6.715080738067627,54.130760192871094,302.3009033203125,23.283939361572266,23.283939361572266,213.18948364257813,38.23430633544922,560.2626953125,26.06671714782715,0.12064158171415329,0.27216827869415283,-0.33434876799583435,-0.33434876799583435,1
58.489585876464844,373.7533264160156,220.7670440673828,181.61856079101563,5580.5810546875,3.5313801765441895,-0.20256896317005157,8.753315925598145,24.93808937072754,18.631166458129883,19.582555770874023,0.6730759620666504,39.550933837890625,35.45145034790039,1.3076961040496826,16.39984893798828,9.938819885253906,31.688106536865234,5.644913196563721,14.778916358947754,25.04545783996582,25.04545783996582,9.645756721496582,684.17498779296875,109.8636703491211,6.744322299957275,54.119869232177734,302.9447021484375,23.398527145385742,23.398527145385742,213.97537231445313,38.17958068847656,560.361083984375,26.048526763916016,0.11197103559970856,0.33545422554016113,-0.36411672830581665,-0.36411672830581665,1
25.90077018737793,349.1318359375,320.7393493652344,251.01144409179688,1134.91455078125,0.6934805512428284,0.16398903727531433,8.800789833068848,27.0206241607666,17.419918060302734,22.15519142150879,0.6690320491790771,38.071006774902344,34.90836715698242,1.2912262678146362,16.075536727905273,10.343994140625,31.950708389282227,5.035315990447998,14.342068672180176,25.09545135498047,25.09545135498047,9.159727096557617,687.6922607421875,105.74412536621094,7.375208377838135,52.36002731323242,296.2955627441406,26.18927001953125,26.18927001953125,214.55242919921875,38.43006134033203,581.94921875,26.91470718383789,0.11524467170238495,0.21412068605422974,-0.3003530502319336,-0.3003530502319336,1
75.35528564453125,20.947364807128906,87.963958740234375,81.069549560546875,896.826904296875,4.0739288330078125,-0.9181927442550659,12.79953670501709,23.447830200195313,15.419954299926758,19.53398895263672,0.6833340644836425,38.545745849609375,38.00642395019531,1.305833339691162,16.57452964782715,11.085477828979492,32.53812026977539,5.188272953033447,14.951803207397461,25.28342056274414,25.28342056274414,9.724885940551758,605.00146484375,97.182037353515625,5.875255584716797,53.367801666259766,270.9636535644531,20.26320457458496,20.26320457458496,195.51443481445313,40.5222053527832,568.9049072265625,27.34617042541504,0.11376555263996124,0.350026398897171,-0.38537126779556274,-0.38537126779556274,1
124.00611114501953,70.46142578125,75.88509368896484,86.72662353515625,646.6546630859375,7.282815456390381,0.512329638004303,10.02550983428955,23.599266052246094,15.394763946533203,19.48067283630371,0.68452467918396,38.777183532714844,37.62355041503906,1.304261565208435,16.569101333618164,11.041754722595215,32.51036834716797,5.202010631561279,14.945611000061035,25.280447006225586,25.280447006225586,9.720253944396973,607.8489990234375,97.52995300292969,5.917174816131592,53.349945068359375,271.8833923339844,20.42098045349121,20.42098045349121,196.77589416503906,40.40758514404297,569.0579833984375,27.298999786376953,0.12797965109348297,0.2007308453321457,-0.29334357380867004,-0.29334357380867004,0
91.35943603515625,41.775665283203125,103.836669921875,81.57710266113281,1265.2044677734375,6.669445991516113,-0.6546735167503357,9.651209831237793,23.355037689208984,15.482833862304688,19.550806045532227,0.6844542026519775,38.712955474853516,37.9320068359375,1.2924729585647583,16.574016571044922,11.088605880737305,32.540977478027344,5.186207294464111,14.952216148376465,25.283655166625977,25.283655166625977,9.7247772216796875,604.655517578125,97.12037658691406,5.87040376663208,53.362525939941406,270.8005065917969,20.249479293823242,20.249479293823242,195.3649444580078,40.52629470825195,568.83416748046875,27.350746154785156,0.1155104786157608,0.2789934277534485,-0.3342493176460266,-0.3342493176460266,1
179.924072265625,28.981277465820313,114.92684936523438,90.01847839355469,411.00030517578125,0.6976808905601501,-0.08711925894021988,11.85340404510498,23.705909729003906,15.431653022766113,19.556175231933594,0.6876354217529297,39.22382736206055,37.07026290893555,1.2869293689727783,16.559402465820313,10.979596138000488,32.4722785949707,5.219335079193115,14.935480117797852,25.276052474975586,25.276052474975586,9.714998245239258,610.4805908203125,97.83148956298828,5.956201553344727,53.325950622558594,272.6810607910156,20.572673797607422,20.572673797607422,197.94476318359375,40.29338073730469,569.15753173828125,27.254745483398438,0.11467282474040985,0.2337387055158615,-0.288028746843338,-0.288028746843338,1
13.299949645996094,54.74088668823242,238.2917938232422,73.7445068359375,1456.0753173828125,8.202034950256348,-1.246979832649231,7.6199798583984375,23.680593490600586,15.21218204498291,19.073291778564453,0.689600658416748,39.647422790527344,36.67280578613281,1.3135414123535156,16.567901611328125,11.238330841064453,32.583168029785156,5.155579090118408,14.940876960754395,25.28179359436035,25.28179359436035,9.717406272888184,598.54132080078125,95.98694610595703,5.788938999176025,53.24627685546875,267.8479309082031,20.045183181762695,20.045183181762695,192.6566619873047,41.00962829589844,568.10577392578125,27.440372467041016,0.13799948990345,0.16765819489955902,-0.270779550075531,-0.270779550075531,1
13.299949645996094,54.74088668823242,238.2917938232422,73.7445068359375,1456.0753173828125,8.202034950256348,-1.246979832649231,7.6199798583984375,23.680593490600586,15.21218204498291,19.073291778564453,0.689600658416748,39.647422790527344,36.67280578613281,1.3135414123535156,16.567901611328125,11.238330841064453,32.583168029785156,5.155579090118408,14.940876960754395,25.28179359436035,25.28179359436035,9.717406272888184,598.54132080078125,95.98694610595703,5.788938999176025,53.24627685546875,267.8479309082031,20.045183181762695,20.045183181762695,192.6566619873047,41.00962829589844,568.10577392578125,27.440372467041016,0.13799948990345,0.16765819489955902,-0.270779550075531,-0.270779550075531,1
112.25548553466797,276.2495422363281,223.756103515625,177.63865661621094,5794.8271484375,2.853804111480713,-0.049564581364393234,8.969341278076172,24.141244888305664,18.687837600708008,18.753698348999023,0.6700356960296631,40.259788513183594,35.49943542480469,1.3198572397232056,16.420204162597656,9.975276947021484,31.720853805541992,5.648247718811035,14.801827430725098,25.06087303161621,25.06087303161621,9.668008804321289,680.96600341796875,109.46973419189453,6.698236465454102,54.13426208496094,301.886962890625,23.219301223754883,23.219301223754883,212.72186279296875,38.2691650390625,560.3253173828125,26.073896408081055,0.128954216837883,0.2109009474515915,-0.298154354095459,-0.298154354095459,1
101.38728332519531,570.58270263671875,158.2196807861328,171.9010467529297,570.52978515625,0.7889014482498169,0.14491048455238342,8.153827667236328,25.441749572753906,19.381942749023438,21.311321258544922,0.6743993282318115,40.791473388671875,33.76677703857422,1.2833340167999268,16.413307189941406,10.103614807128906,31.774873733520508,5.441108226776123,14.824485778808594,25.085214614868164,25.085214614868164,9.602723121643066,671.8441162109375,107.80545806884766,6.634079933166504,53.962257385253906,297.7153015136719,23.080402374267578,23.080402374267578,209.49703979492188,38.35788345336914,564.44366455078125,26.330127716064453,0.1019483208656311,0.4043266475200653,-0.4225292503833771,-0.4225292503833771,1
61.16073989868164,494.63031005859375,98.0715560913086,153.30784606933594,3016.779541015625,12.637064933776855,-1.6220066547393799,6.871805667877197,25.45513343811035,19.765897750854492,21.122406005859375,0.6800000190734863,40.74845886230469,33.79640579223633,1.2796006202697754,16.46048355102539,10.229137420654297,31.877357482910156,5.43466329574585,14.873368263244629,25.118736267089844,25.118736267089844,9.653619766235352,662.735595703125,106.7417221069336,6.504777908325195,54.02001953125,294.8702087402344,22.558181762695313,22.558181762695313,205.8318328857422,38.6658821105957,564.07928466796875,26.436416625976563,0.10820141434669495,0.3010302782058716,-0.3359054625034332,-0.3359054625034332,1
153.6633758544922,16.915647506713867,177.4725799560547,123.39815521240234,6481.5166015625,5.9216437339782715,-1.415966272354126,9.8336763381958,24.928712844848633,16.6564884185791,21.535512924194336,0.6779530048370361,36.11091995239258,38.960365295410156,1.3487178087234497,16.49547004699707,10.73077392578125,32.42390060424805,5.266513347625732,14.849434852600098,25.333890914916992,25.333890914916992,9.671928405761719,629.23046875,100.13258361816406,6.273365497589111,53.181190490722656,279.28558349609375,21.877439498901367,21.877439498901367,191.93199157714844,39.51690673828125,571.67822265625,27.158130645751953,0.12041362375020981,0.30303382873535156,-0.3588065505027771,-0.3588065505027771,1
190.3435516357422,31.62504768371582,187.65313720703125,128.17401123046875,2761.359375,5.504624366760254,-0.6344178915023804,8.369975090026855,24.921491622924805,17.140207290649414,21.726760864257813,0.6759530067443847,36.71171951293945,38.36678695678711,1.3415963649749756,16.49097442626953,10.715527534484863,32.413421630859375,5.268772602081299,14.844724655151367,25.33122444152832,25.33122444152832,9.667999267578125,630.15911865234375,100.25886535644531,6.287623882293701,53.18046951293945,279.62335205078125,21.929351806640625,21.929351806640625,192.28945922851563,39.48531723022461,571.70892333984375,27.14747428894043,0.11945166438817978,0.2702113687992096,-0.3322821259498596,-0.3322821259498596,1
13.041830062866211,263.4270324707031,164.04745483398438,244.9803009033203,4171.00244140625,1.8856415748596191,0.04984916001558304,9.22524642944336,25.949142456054688,18.65776824951172,23.572484970092773,0.6599999904632569,35.6729736328125,38.37749099731445,1.279984951019287,16.12615966796875,10.15716552734375,31.76494598388672,5.090029716491699,14.419793128967285,25.057167053222656,25.057167053222656,9.202252388000488,697.46295166015625,109.5731201171875,7.273581504821777,53.263484954833984,304.0831604003906,25.470046997070313,25.470046997070313,218.0695343017578,38.07976150512695,577.09637451171875,26.674541473388672,0.12413186579942703,0.2313782274723053,-0.3010411262512207,-0.3010411262512207,1
32.727046966552734,237.1295928955078,166.47740173339844,243.24270629882813,4358.92041015625,2.0345919132232666,-0.03784298524260521,9.285809516906738,25.97776222229004,18.57792854309082,22.85391616821289,0.6603126049041748,36.19758987426758,37.82464599609375,1.2849211692810059,16.133886337280273,10.161762237548828,31.773204803466797,5.096449375152588,14.428031921386719,25.06324577331543,25.06324577331543,9.211557388305664,696.513916015625,109.43817138671875,7.259532451629639,53.261695861816406,303.72760009765625,25.4172420501709,25.4172420501709,217.72679138183594,38.09076690673828,577.02471923828125,26.67495346069336,0.1361381709575653,0.21802261471748352,-0.3234245479106903,-0.3234245479106903,1
47.10130310058594,212.6419677734375,161.28671264648438,241.70668029785156,4702.11181640625,1.5589748620986938,0.012479797936975956,9.604198455810547,26.004165649414063,18.49880027770996,22.12672233581543,0.6606327056884765,36.74399185180664,37.2518424987793,1.2899607419967651,16.1448917388916,10.15884780883789,31.781124114990234,5.109714984893799,14.439672470092773,25.07275390625,25.07275390625,9.222701072692871,695.64007568359375,109.31536102294922,7.246485710144043,53.26054382324219,303.4033508300781,25.368013381958008,25.368013381958008,217.41371154785156,38.089908599853516,576.9512939453125,26.670766830444336,0.1274365931749344,0.23905779421329498,-0.33763939142227173,-0.33763939142227173,1
9.402907371520996,231.8138427734375,291.8492126464844,187.62001037597656,3311.92578125,6.9615912437438965,-0.14143294095993042,7.643736362457275,24.1004695892334,18.16276741027832,22.881847381591797,0.6645246505737304,40.128910064697266,35.7706184387207,1.3268489837646484,16.301742553710938,10.277161598205566,31.898948669433594,5.246212005615234,14.665329933166504,25.073163986206055,25.073163986206055,9.456939697265625,668.90521240234375,105.97006225585938,6.780345916748047,53.41486358642578,294.0550537109375,23.446317672729492,23.446317672729492,207.62374877929688,38.55021286010742,569.49920654296875,26.648475646972656,0.1067289337515831,0.3650807738304138,-0.3794432282447815,-0.3794432282447815,0
23.026447296142578,259.5041809082031,303.4334716796875,190.17417907714844,2310.702880859375,6.521750450134277,-0.10807692259550095,7.303203105926514,23.874866485595703,17.943946838378906,22.801847457885742,0.666044807434082,40.46652603149414,35.658607482910156,1.324849009513855,16.305208206176758,10.248472213745117,31.889087677001953,5.262801170349121,14.668647766113281,25.078506469726563,25.078506469726563,9.460575103759766,669.66668701171875,106.02617645263672,6.7930755615234375,53.39938735961914,294.21771240234375,23.503877639770508,23.503877639770508,207.94918823242188,38.47792053222656,569.542236328125,26.6208438873291,0.1193782389163971,0.28081902861595154,-0.34932392835617065,-0.34932392835617065,1
62.889896392822266,323.1864929199219,278.4653625488281,197.92481994628906,3149.065185546875,3.394047737121582,-0.2534094452857971,8.584996223449707,23.922080993652344,17.79071807861328,22.774084091186523,0.6633866786956787,40.56578826904297,35.52952194213867,1.3141131401062012,16.302734375,10.167627334594727,31.852815628051758,5.296514511108398,14.664462089538574,25.084259033203125,25.084259033203125,9.454339027404785,672.56463623046875,106.25628662109375,6.8428778648376465,53.34418487548828,294.8909912109375,23.72886085510254,23.72886085510254,209.15521240234375,38.293941497802734,569.79925537109375,26.557863235473633,0.11994948983192444,0.2820856273174286,-0.34162700176239014,-0.34162700176239014,1
60.782283782958984,212.26795959472656,272.560302734375,192.28329467773438,2570.08203125,3.1511881351470947,0.4584081172943115,8.696560859680176,23.762081146240234,17.88932228088379,22.288938522338867,0.6638853549957275,41.3759765625,34.864322662353516,1.3176090717315674,16.3145694732666,10.187111854553223,31.868227005004883,5.300271511077881,14.678017616271973,25.091032028198242,25.091032028198242,9.4675874710083,670.877685546875,106.08547973632813,6.813058853149414,53.36650848388672,294.3951721191406,23.598636627197266,23.598636627197266,208.50119018554688,38.348941802978516,569.60296630859375,26.56913185119629,0.11287041753530502,0.3466567099094391,-0.36743324995040894,-0.36743324995040894,1
26.199071884155273,337.18170166015625,256.8099670410156,181.11404418945313,2356.207275390625,1.477367877960205,0.11461468040943146,8.949041366577148,26.217113494873047,19.068513870239258,22.5782527923584,0.666276216506958,39.95500946044922,33.827877044677734,1.2684932947158813,16.37244415283203,10.046792030334473,31.736801147460938,5.420360565185547,14.77597713470459,25.065876007080078,25.065876007080078,9.557735443115234,677.932373046875,108.51273345947266,6.7475433349609375,53.90166473388672,299.73004150390625,23.50679588317871,23.50679588317871,212.08334350585938,38.18677520751953,565.32537841796875,26.31292152404785,0.10149304568767548,0.40431028604507446,-0.3900180757045746,-0.3900180757045746,1
68.88529205322266,361.5171203613281,239.56704711914063,180.7318878173828,2773.851318359375,1.11151921749115,0.10677361488342285,9.2071533203125,26.311521530151367,19.214208602905273,22.44863510131836,0.6681164741516114,39.79338073730469,33.89509582519531,1.2644933462142944,16.374000549316406,10.051143646240234,31.739606857299805,5.42028284072876,14.777563095092773,25.066802978515625,25.066802978515625,9.558446884155273,677.3460693359375,108.42259216308594,6.740586757659912,53.89765548706055,299.4947204589844,23.483915328979492,23.483915328979492,211.5314178466797,38.19740676879883,565.32568359375,26.32059669494629,0.09668092429637909,0.46677055954933167,-0.42015641927719116,-0.42015641927719116,1
61.641624450683594,497.0853271484375,124.41764831542969,157.04869079589844,4826.37451171875,14.090201377868652,-1.0924384593963623,6.995882034301758,25.7551326751709,19.755647659301758,20.989593505859375,0.6800000190734863,40.66526412963867,33.5796012878418,1.2796006202697754,16.45195960998535,10.206350326538086,31.860258102416992,5.435632705688477,14.864285469055176,25.11333656311035,25.11333656311035,9.64590072631836,664.22650146484375,106.92802429199219,6.526095867156982,54.013877868652344,295.369140625,22.63968849182129,22.63968849182129,206.4113311767578,38.61769485473633,564.15924072265625,26.422016143798828,0.10212845355272293,0.4325829744338989,-0.4135863780975342,-0.4135863780975342,0
111.11937713623047,453.8182067871094,99.48368072509766,144.42068481445313,6528.07177734375,9.95710563659668,-1.4472262859344482,8.0523529052734375,25.195133209228516,19.58697509765625,21.35125160217285,0.6800000190734863,40.7000846862793,34.10478210449219,1.277600646018982,16.482524871826172,10.292584419250488,31.926860809326172,5.429586410522461,14.896315574645996,25.133800506591797,25.133800506591797,9.679207801818848,657.96392822265625,106.18282318115234,6.436257362365723,54.052085876464844,293.3721618652344,22.283226013183594,22.283226013183594,203.92068481445313,38.83110809326172,563.87188720703125,26.49257469177246,0.11341581493616104,0.23574458062648773,-0.3027980625629425,-0.3027980625629425,1
110.53854370117188,484.9546813964844,126.62930297851563,148.37855529785156,6297.17626953125,13.000289916992188,-1.7827633619308472,7.583570957183838,25.495132446289063,19.605525970458984,21.254438400268555,0.6800000190734863,40.60089111328125,33.90397644042969,1.277600646018982,16.47322654724121,10.266203880310059,31.907508850097656,5.431346416473389,14.88638973236084,25.128028869628906,25.128028869628906,9.670049667358398,659.75347900390625,106.40280151367188,6.462131977081299,54.0429573059082,293.96258544921875,22.383163452148438,22.383163452148438,204.61961364746094,38.77126693725586,563.96820068359375,26.474262237548828,0.1088060736656189,0.31281670928001404,-0.3536868393421173,-0.3536868393421173,1
196.48118591308594,47.45323944091797,80.14192962646484,55.49280548095703,9579.3359375,0.909599781036377,-0.24308378994464874,11.199209213256836,23.383464813232422,14.84299087524414,19.667444229125977,0.6976006507873536,39.22337341308594,37.39316177368164,1.3469575643539429,16.58974266052246,11.407670021057129,32.62321472167969,5.096853256225586,14.978421211242676,25.258634567260742,25.258634567260742,9.750948905944824,590.591064453125,95.5282974243164,5.632819652557373,53.539161682128906,266.07171630859375,19.22291374206543,19.22291374206543,189.77334594726563,41.44246292114258,566.35491943359375,27.525983810424805,0.11626587808132172,0.32055166363716125,-0.35705798864364624,-0.35705798864364624,1
135.31349182128906,32.485294342041016,158.46096801757813,55.775901794433594,3470.660400390625,1.3679959774017334,-0.17087095975875854,11.59692668914795,23.322860717773438,15.030327796936035,20.162721633911133,0.6956213474273681,39.22898864746094,37.44841384887695,1.3400413990020752,16.589065551757813,11.398085594177246,32.6202392578125,5.103725910186768,14.977286338806152,25.25955581665039,25.25955581665039,9.750515937805176,591.26446533203125,95.63214874267578,5.642722129821777,53.54296112060547,266.3683166503906,19.25826644897461,19.25826644897461,190.0395050048828,41.425777435302734,566.38397216796875,27.518020629882813,0.11909911036491394,0.2620416283607483,-0.31161487102508545,-0.31161487102508545,1
173.48191833496094,15.770058631896973,155.9801025390625,54.75177764892578,20940.203125,0.5969420671463013,-0.4103216826915741,16.07193374633789,23.249492645263672,14.994961738586426,20.114564895629883,0.6936006546020508,39.13542938232422,37.615081787109375,1.3426562547683716,16.58907127380371,11.40788745880127,32.62753677368164,5.09653377532959,14.976359367370605,25.2606258392334,25.2606258392334,9.748312950134277,590.6207275390625,95.49657440185547,5.636443614959717,53.522178649902344,266.0323181152344,19.253068923950195,19.253068923950195,189.7329559326172,41.43879699707031,566.49285888671875,27.53192901611328,0.10033285617828369,0.5116375088691711,-0.4690704345703125,-0.4690704345703125,1
178.04104614257813,27.349641799926758,248.69110107421875,55.40211486816406,4256.12255859375,2.118180990219116,-0.3845410943031311,9.869932174682617,23.177303314208984,15.025664329528809,20.229719161987305,0.6916006565093994,39.07105255126953,37.751644134521484,1.3422656059265137,16.588653564453125,11.39853286743164,32.62541580200195,5.101541042327881,14.9751615524292,25.262338638305664,25.262338638305664,9.747129440307617,590.89111328125,95.49931335449219,5.642571449279785,53.506229400634766,266.0640563964844,19.288145065307617,19.288145065307617,189.82513427734375,41.42056655883789,566.58544921875,27.527341842651367,0.10917079448699951,0.40602758526802063,-0.40157008171081543,-0.40157008171081543,1
8.113425254821777,326.76812744140625,198.2943572998047,195.24884033203125,17527.412109375,3.0130817890167236,-0.28128841519355774,11.995344161987305,25.88754653930664,17.65964698791504,20.55213737487793,0.676680040359497,38.025726318359375,36.086727142333984,1.3235690593719482,16.343936920166016,9.913599014282227,31.66122817993164,5.620248317718506,14.717976570129395,25.0247802734375,25.0247802734375,9.585052490234375,688.81219482421875,110.15021514892578,6.873911380767822,53.964691162109375,303.9954833984375,23.943702697753906,23.943702697753906,215.67799377441406,38.08203887939453,562.43975830078125,26.045026779174805,0.10894277691841125,0.33667251467704773,-0.37193813920021057,-0.37193813920021057,1
45.745304107666016,231.6300048828125,226.74888610839844,192.1770782470703,5968.90625,2.960338830947876,-0.23226968944072723,9.243635177612305,25.954429626464844,17.47316551208496,20.144533157348633,0.6777256488800049,38.25789260864258,35.784461975097656,1.3161104917526245,16.352210998535156,9.935094833374023,31.678367614746094,5.6168131828308105,14.726284980773926,25.030969619750977,25.030969619750977,9.593262672424316,686.8057861328125,109.8563003540039,6.851934909820557,53.954315185546875,303.2363586425781,23.864702224731445,23.864702224731445,214.9242401123047,38.13240051269531,562.406982421875,26.065017700195313,0.09842820465564728,0.41671597957611084,-0.4002164304256439,-0.4002164304256439,1
54.4453010559082,280.76348876953125,218.60797119140625,194.33169555664063,7400.35595703125,3.4728384017944336,-0.08837641030550003,9.370779991149902,25.78753089904785,17.426950454711914,19.950885772705078,0.6795555591583252,38.100250244140625,36.10822296142578,1.3270748853683472,16.34488296508789,9.919028282165527,31.66569709777832,5.618342876434326,14.718438148498535,25.026103973388672,25.026103973388672,9.585540771484375,688.22430419921875,110.04183197021484,6.871197700500488,53.952335357666016,303.72991943359375,23.938507080078125,23.938507080078125,215.46322631835938,38.09358596801758,562.48114013671875,26.051538467407227,0.10772610455751419,0.32101738452911377,-0.37264934182167053,-0.37264934182167053,1
57.95090866088867,330.1572265625,216.9205322265625,196.4347686767578,8327.916015625,3.1498687267303467,-0.12697948515415192,9.954392433166504,25.76673126220703,17.691600799560547,20.586891174316406,0.6776354312896729,37.9410514831543,36.28822326660156,1.3215540647506714,16.3375301361084,9.905168533325195,31.653776168823242,5.618502140045166,14.710579872131348,25.021020889282227,25.021020889282227,9.577204704284668,689.63507080078125,110.2218246459961,6.890781879425049,53.94883728027344,304.21038818359375,24.014406204223633,24.014406204223633,216.0038299560547,38.055721282958984,562.55914306640625,26.038543701171875,0.10513868182897568,0.36172130703926086,-0.3865598142147064,-0.3865598142147064,1
3.2127673625946045,170.7593536376953,153.7754364013672,211.21717834472656,2187.063720703125,3.1670541763305664,0.29223519563674927,8.031927108764648,24.441326141357422,19.264535903930664,21.13383674621582,0.6650001049041748,39.6245231628418,35.950157165527344,1.3117988109588623,16.236934661865234,10.094208717346191,31.6873722076416,5.230052471160889,14.584524154663086,25.050460815429688,25.050460815429688,9.393881797790527,686.9267578125,108.74528503417969,6.997557163238525,53.557769775390625,301.1463317871094,24.1344051361084,24.1344051361084,214.5152130126953,38.142784118652344,570.03302001953125,26.461191177368164,0.10465126484632492,0.3905293345451355,-0.3863062560558319,-0.3863062560558319,1
24.87238121032715,173.2018280029297,167.5914764404297,212.01048278808594,2228.686767578125,3.0147926807403564,0.3038398027420044,8.183281898498535,24.668479919433594,19.381940841674805,21.55096435546875,0.6638095378875732,39.506404876708984,35.837310791015625,1.3066082000732422,16.230443954467773,10.077735900878906,31.6800537109375,5.2305450439453125,14.581033706665039,25.042892456054688,25.042892456054688,9.388591766357422,687.56378173828125,108.83131408691406,7.00515079498291,53.55955505371094,301.3658142089844,24.160057067871094,24.160057067871094,214.7718505859375,38.10264587402344,569.76483154296875,26.457597732543945,0.10449540615081787,0.41068586707115173,-0.4021473824977875,-0.4021473824977875,1
67.71437072753906,222.47235107421875,167.95887756347656,214.93817138671875,2132.0390625,3.4557623863220215,0.2054700255393982,8.051328659057617,24.583669662475586,19.694395065307617,21.637380599975586,0.6625296592712402,39.61043167114258,35.79249954223633,1.305328369140625,16.242340087890625,10.108199119567871,31.66804313659668,5.22920036315918,14.577184677124023,25.065000534057617,25.065000534057617,9.37633228302002,689.24267578125,109.03734588623047,7.0300750732421875,53.55308151245117,301.9200134277344,24.258174896240234,24.258174896240234,215.42578125,38.19026565551758,571.3438720703125,26.441144943237305,0.09910134226083755,0.44975948333740234,-0.41968417167663574,-0.41968417167663574,1
277.9552307128906,475.806884765625,199.4487762451172,232.24874877929688,4158.7666015625,2.099158763885498,0.05258150026202202,9.06956958770752,24.820646286010742,19.121667861938477,23.33814239501953,0.6636476039886474,38.99235534667969,36.18699645996094,1.302323579788208,16.202377319335938,10.120185852050781,31.7622127532959,5.187715530395508,14.516311645507813,25.0994930267334,25.0994930267334,9.293190002441406,693.82586669921875,109.34220123291016,7.143838405609131,53.41683578491211,303.03094482421875,24.811492919921875,24.811492919921875,217.10345458984375,38.086299896240234,575.39959716796875,26.57525062561035,0.11027266085147858,0.37967437505722046,-0.3968387544155121,-0.3968387544155121,1
326.2224426269531,511.5364685058594,196.8162384033203,233.9765625,3934.235595703125,2.119851589202881,0.013543426990509033,9.04770565032959,24.711048126220703,19.3092041015625,24.182941436767578,0.6656476020812988,39.00836181640625,36.28058624267578,1.2922430038452148,16.198326110839844,10.112067222595215,31.755407333374023,5.186908721923828,14.511959075927734,25.09678077697754,25.09678077697754,9.288931846618652,694.55657958984375,109.4428482055664,7.154286861419678,53.41756057739258,303.2977294921875,24.850955963134766,24.850955963134766,217.37881469726563,38.06591796875,575.44293212890625,26.569713592529297,0.11524640023708344,0.36341592669487,-0.41109153628349304,-0.41109153628349304,1
57.064178466796875,100.149169921875,234.4247283935547,281.79925537109375,436.70147705078125,6.357820510864258,0.7304171919822693,5.962411403656006,25.079317092895508,18.508201599121094,23.384584426879883,0.6504773616790771,38.192623138427734,36.728057861328125,1.3475518226623535,15.949334144592285,10.038412094116211,31.570444107055664,5.158924102783203,14.195852279663086,24.888671875,24.888671875,9.066291809082031,713.734130859375,111.9468002319336,7.519746780395508,53.47447967529297,310.35125732421875,26.272987365722656,26.272987365722656,226.34918212890625,38.015743255615234,575.3271484375,26.412845611572266,0.09137950092554092,0.5333055257797241,-0.4571692943572998,-0.4571692943572998,1
98.02400970458984,274.9283447265625,217.13258361816406,173.314208984375,6311.01611328125,3.0641536712646484,-0.053942739963531494,8.993416786193848,24.510589599609375,19.160634994506836,20.662057876586914,0.6675927639007568,40.14537048339844,35.309051513671875,1.3006107807159424,16.4321231842041,9.971047401428223,31.72010040283203,5.66010046005249,14.816336631774902,25.06491470336914,25.06491470336914,9.680534362792969,670.82305908203125,107.42782592773438,6.662678241729736,53.986114501953125,296.99237060546875,22.974475860595703,22.974475860595703,211.4879608154297,38.26403045654297,559.83001708984375,26.060026168823242,0.11944346874952316,0.2575471103191376,-0.32871419191360474,-0.32871419191360474,1
145.62586975097656,175.02102661132813,237.85792541503906,170.2347412109375,2688.837158203125,2.9743568897247314,0.6005846858024597,8.287781715393066,24.7386417388916,19.28676986694336,21.754674911499023,0.6644115924835206,40.085506439208984,35.17267608642578,1.2926106452941895,16.439682006835938,9.959829330444336,31.71734619140625,5.66796875,14.822633743286133,25.06688690185547,25.06688690185547,9.714421272277832,670.606689453125,107.43840789794922,6.650926113128662,54.00655746459961,296.9854431152344,22.91914176940918,22.91914176940918,211.44772338867188,38.23811721801758,559.276611328125,26.050827026367188,0.11314062029123306,0.33649203181266785,-0.3694610595703125,-0.3694610595703125,1
29.57703971862793,368.00921630859375,221.82850646972656,178.49440002441406,6072.0009765625,2.6125950813293457,-0.05571853742003441,9.147634506225586,24.695308685302734,18.973230361938477,20.031818389892578,0.6730941295623779,39.81566619873047,35.43902587890625,1.3006107807159424,16.417041778564453,9.959355354309082,31.70665168762207,5.650884628295898,14.79893684387207,25.055442810058594,25.055442810058594,9.6649932861328125,676.12554931640625,108.38956451416016,6.696706771850586,54.03759002685547,299.3483581542969,23.14733123779297,23.14733123779297,212.50140380859375,38.23255157470703,560.0572509765625,26.058130264282227,0.11319752037525177,0.29534927010536194,-0.35350722074508667,-0.35350722074508667,1
326.2224426269531,511.5364685058594,196.8162384033203,233.9765625,3934.235595703125,2.119851589202881,0.013543426990509033,9.04770565032959,24.711048126220703,19.3092041015625,24.182941436767578,0.6656476020812988,39.00836181640625,36.28058624267578,1.2922430038452148,16.198326110839844,10.112067222595215,31.755407333374023,5.186908721923828,14.511959075927734,25.09678077697754,25.09678077697754,9.288931846618652,694.55657958984375,109.4428482055664,7.154286861419678,53.41756057739258,303.2977294921875,24.850955963134766,24.850955963134766,217.37881469726563,38.06591796875,575.44293212890625,26.569713592529297,0.11524640023708344,0.36341592669487,-0.41109153628349304,-0.41109153628349304,1
37.860137939453125,223.62989807128906,283.6387634277344,191.8875274658203,3114.757080078125,2.440930128097534,-0.13821235299110413,8.796243667602539,27.462919235229492,17.483327865600586,21.41082000732422,0.6699999809265137,37.135353088378906,35.416603088378906,1.335509181022644,16.312044143676758,10.440023422241211,32.175594329833984,5.21964168548584,14.618003845214844,25.273242950439453,25.273242950439453,9.430413246154785,660.40179443359375,103.00790405273438,6.832740783691406,52.620758056640625,288.1147155761719,24.449174880981445,24.449174880981445,204.08973693847656,38.726295471191406,577.2083740234375,26.953977584838867,0.11110618710517883,0.33608362078666687,-0.3675905168056488,-0.3675905168056488,1
85.411773681640625,172.18736267089844,274.8595886230469,189.92410278320313,3824.698974609375,1.188413381576538,-0.2821536064147949,11.7365083694458,27.193737030029297,17.966468811035156,21.14139175415039,0.6699999809265137,37.12076187133789,35.65848922729492,1.3427797555923462,16.30963897705078,10.451519012451172,32.17755889892578,5.211890697479248,14.6160249710083,25.269729614257813,25.269729614257813,9.428505897521973,660.242919921875,103.03844451904297,6.829941749572754,52.6384162902832,288.17010498046875,24.423351287841797,24.423351287841797,203.9893035888672,38.75434875488281,577.1572265625,26.963411331176758,0.10411138087511063,0.43057212233543396,-0.4170219898223877,-0.4170219898223877,1
122.07500457763672,127.04095458984375,313.4089050292969,189.5904083251953,5420.5380859375,0.42177101969718933,-0.14593420922756195,14.17785930633545,27.842971801757813,17.416690826416016,21.256019592285156,0.6699999809265137,37.32537841796875,34.8515625,1.3430105447769165,16.325977325439453,10.435063362121582,32.18288803100586,5.236003875732422,14.633484840393066,25.284353256225586,25.284353256225586,9.44549560546875,659.38580322265625,102.91575622558594,6.814082622528076,52.63908386230469,287.8252868652344,24.36277961730957,24.36277961730957,203.69847106933594,38.72333908081055,577.0692138671875,26.945663452148438,0.11007308214902878,0.34325486421585083,-0.3726489245891571,-0.3726489245891571,1
27.108116149902344,335.9067077636719,266.9425048828125,197.7540740966797,2428.42724609375,1.6068717241287231,0.308117538690567,10.087226867675781,28.1580867767334,16.55727195739746,21.517698287963867,0.6699999809265137,37.162933349609375,34.695228576660156,1.31488835811615,16.320064544677734,10.416398048400879,32.17561721801758,5.239132404327393,14.624870300292969,25.28371810913086,25.28371810913086,9.436751365661621,660.40545654296875,102.88807678222656,6.834750175476074,52.57773208618164,287.8657531738281,24.495561599731445,24.495561599731445,204.14111328125,38.671939849853516,577.32623291015625,26.936601638793945,0.10386691987514496,0.39464104175567627,-0.4010716676712036,-0.4010716676712036,1
9.071605682373047,283.67431640625,285.68194580078125,195.36074829101563,1882.5992431640625,3.095656394958496,0.22569431364536285,8.205997467041016,27.968904495239258,16.834413528442383,21.548269271850586,0.6699999809265137,37.1883430480957,34.877113342285156,1.3241589069366455,16.31783676147461,10.425719261169434,32.176055908203125,5.232329368591309,14.623251914978027,25.280229568481445,25.280229568481445,9.435811042785645,660.30908203125,102.92626190185547,6.83203649520874,52.59650802612305,287.9341735839844,24.468299865722656,24.468299865722656,204.08714294433594,38.69215774536133,577.264892578125,26.942136764526367,0.11840059608221054,0.2681845724582672,-0.33825767040252686,-0.33825767040252686,0
17.74895668029785,332.5911865234375,291.3323059082031,197.43186950683594,1727.4410400390625,2.0715584754943848,0.2116870880126953,8.36064624786377,27.90528106689453,16.764245986938477,21.589677810668945,0.6699999809265137,37.11653137207031,35.00483322143555,1.318568229675293,16.314844131469727,10.422426223754883,32.17375183105469,5.2310099601745605,14.619477272033691,25.27874183654785,25.27874183654785,9.432229042053223,660.654052734375,102.93589782714844,6.838971138000488,52.58224868774414,287.98992919921875,24.507307052612305,24.507307052612305,204.2272186279297,38.68215560913086,577.3338623046875,26.94147300720215,0.10420682281255722,0.3605647087097168,-0.3795195519924164,-0.3795195519924164,1
132.09986877441406,260.66644287109375,176.85723876953125,157.7672882080078,1556.933349609375,12.3090238571167,-0.8920938372612,6.502493858337402,24.181325912475586,18.96718978881836,21.586875915527344,0.6743523597717285,40.68714904785156,35.1241569519043,1.2559906244277954,16.408334732055664,10.359414100646973,32.021018981933594,5.327970504760742,14.782214164733887,25.16206932067871,25.16206932067871,9.5723876953125,651.0440673828125,103.2957534790039,6.522737503051758,53.33246612548828,286.9373779296875,22.550901412963867,22.550901412963867,200.96932983398438,38.86049270629883,568.94091796875,26.70874786376953,0.13516394793987274,0.2076982855796814,-0.29242682456970215,-0.29242682456970215,1
93.99244689941406,249.783447265625,190.87063598632813,158.73216247558594,1219.0552978515625,12.540177345275879,-0.8174182176589966,6.142120361328125,24.26998519897461,18.999746322631836,21.336944580078125,0.6763523578643799,40.74983215332031,34.976905822753906,1.2559436559677124,16.406763076782227,10.35888957977295,32.021827697753906,5.326487064361572,14.77979564666748,25.162113189697266,25.162113189697266,9.568876266479492,651.3101806640625,103.2968978881836,6.529649257659912,53.317649841308594,286.9675598144531,22.58959197998047,22.58959197998047,201.07179260253906,38.8482551574707,569.039794921875,26.708879470825195,0.1424422562122345,0.15075543522834778,-0.25684642791748047,-0.25684642791748047,1
221.4153289794922,203.91932678222656,191.43678283691406,136.3206787109375,5242.380859375,6.657843589782715,0.1326725035905838,8.198003768920898,23.741363525390625,18.7903995513916,21.323627471923828,0.6763993740081787,39.82499694824219,36.43363952636719,1.2589290142059326,16.474260330200195,10.531482696533203,32.153743743896484,5.32056999206543,14.852531433105469,25.20476531982422,25.20476531982422,9.641152381896973,638.7398681640625,101.84428405761719,6.335638999938965,53.41109085083008,283.00567626953125,21.813337326049805,21.813337326049805,196.0892791748047,39.2743034362793,568.272705078125,26.84126091003418,0.1374959945678711,0.1842847764492035,-0.2822659909725189,-0.2822659909725189,1
80.18206787109375,335.65167236328125,209.86141967773438,242.28578186035156,1633.7703857421875,1.9438297748565674,0.047200802713632584,8.147812843322754,25.142589569091797,18.38161277770996,22.886873245239258,0.6699999809265137,36.676307678222656,38.18110656738281,1.275952935218811,16.186948776245117,9.893657684326172,31.501008987426758,5.5232110023498535,14.525572776794434,24.96761703491211,24.96761703491211,9.371663093566895,707.873046875,111.94738006591797,7.2569899559021,53.650474548339844,309.34356689453125,25.544851303100586,25.544851303100586,222.98876953125,38.09098434448242,570.87615966796875,25.978729248046875,0.09742753952741623,0.46000584959983826,-0.4231961965560913,-0.4231961965560913,1
121.1265640258789,287.332763671875,207.11318969726563,243.0333251953125,844.59735107421875,1.9456956386566162,0.17972911894321442,7.437823295593262,25.305931091308594,18.320171356201172,22.91449737548828,0.6699999809265137,36.56915283203125,38.124916076660156,1.275952935218811,16.18267059326172,9.899192810058594,31.50212860107422,5.515585899353027,14.520306587219238,24.964889526367188,24.964889526367188,9.366703987121582,707.900146484375,111.9239273071289,7.262636661529541,53.638607025146484,309.30670166015625,25.571910858154297,25.571910858154297,222.99606323242188,38.09556579589844,570.96856689453125,25.985679626464844,0.09849497675895691,0.44475769996643066,-0.423698753118515,-0.423698753118515,1
96.80948638916016,442.4344177246094,123.29927825927734,197.35520935058594,740.38720703125,6.168205261230469,0.5678442120552063,6.2910380363464355,26.065027236938477,15.874234199523926,20.439598083496094,0.6838095664978028,37.3536262512207,36.555450439453125,1.3321720361709595,16.302875518798828,10.391414642333984,32.179283142089844,5.212396144866943,14.623625755310059,25.2358341217041,25.2358341217041,9.42909049987793,655.4151611328125,101.56645202636719,6.725078582763672,52.395626068115234,284.1921691894531,24.225059509277344,24.225059509277344,202.90464782714844,38.52796173095703,576.075439453125,26.964900970458984,0.10957160592079163,0.3668214976787567,-0.38536524772644043,-0.38536524772644043,1
30.724811553955078,537.19873046875,70.49446868896484,200.23919677734375,1479.8035888671875,2.8252527713775635,-0.14880497753620148,7.746167182922363,27.849369049072266,16.80734634399414,21.446439743041992,0.6726189136505127,37.05210876464844,35.054527282714844,1.3280857801437378,16.291107177734375,10.343764305114746,32.147727966308594,5.227197170257568,14.615796089172363,25.226770401000977,25.226770401000977,9.424988746643066,659.38714599609375,102.40579223632813,6.789600849151611,52.49870681762695,286.3890686035156,24.374088287353516,24.374088287353516,204.18711853027344,38.41576385498047,575.56805419921875,26.918012619018555,0.10264213383197784,0.359638512134552,-0.3822757303714752,-0.3822757303714752,1
147.66322326660156,824.98046875,184.43028259277344,241.27865600585938,1590.2901611328125,1.5391643047332764,0.023229306563735008,8.537156105041504,27.12361717224121,18.480344772338867,23.417682647705078,0.668085765838623,38.2457160949707,34.63066482543945,1.2873705625534058,16.148418426513672,10.270625114440918,32.00551223754883,5.133975028991699,14.427687644958496,25.168066024780273,25.168066024780273,9.245105743408203,679.00653076171875,103.99677276611328,7.241970539093018,52.162628173828125,291.8352355957031,25.890522003173828,25.890522003173828,212.0386505126953,38.22402572631836,579.763427734375,26.872295379638672,0.09975508600473404,0.36744049191474915,-0.36484843492507935,-0.36484843492507935,1
146.18707275390625,846.04876708984375,168.7088623046875,240.18502807617188,1605.6363525390625,1.0953850746154785,0.06766323745250702,8.935508728027344,27.139623641967773,18.646024703979492,23.517650604248047,0.6712059020996094,38.173702239990234,34.68667221069336,1.290250539779663,16.152557373046875,10.275208473205566,32.01126480102539,5.136143684387207,14.432003021240234,25.171327590942383,25.171327590942383,9.24973201751709,678.445068359375,103.91443634033203,7.2325825691223145,52.15984344482422,291.6158752441406,25.857181549072266,25.857181549072266,211.8352508544922,38.234615325927734,579.74237060546875,26.875202178955078,0.09423593431711197,0.46742817759513855,-0.41619184613227844,-0.41619184613227844,0
98.63897705078125,871.1090087890625,196.6702880859375,241.06936645507813,2113.72021484375,1.2472190856933594,0.04900239408016205,8.988607406616211,27.103147506713867,18.471012115478516,23.52003288269043,0.6652763843536377,38.326656341552734,34.570194244384766,1.2821800708770752,16.149396896362305,10.270295143127441,32.005496978759766,5.134858131408691,14.42902660369873,25.16861343383789,25.16861343383789,9.246525764465332,678.9705810546875,104.0141830444336,7.240034103393555,52.17073059082031,291.8612060546875,25.87551498413086,25.87551498413086,212.00946044921875,38.223506927490234,579.73486328125,26.870887756347656,0.09823226183652878,0.40308722853660583,-0.38355201482772827,-0.38355201482772827,1
33.58382034301758,40.37857437133789,187.7662353515625,205.20999145507813,16284.3642578125,6.769240856170654,-0.38189589977264404,9.371746063232422,24.62004852294922,17.792299270629883,21.042972564697266,0.6599999904632569,39.52033996582031,35.85961151123047,1.3303238153457642,16.239320755004883,10.148397445678711,31.745527267456055,5.209710121154785,14.590971946716309,25.048871994018555,25.048871994018555,9.409690856933594,681.06854248046875,107.81958770751953,6.937448024749756,53.49463653564453,298.83624267578125,23.96709442138672,23.96709442138672,212.22344970703125,38.258750915527344,569.54473876953125,26.539457321166992,0.10235831141471863,0.43421879410743713,-0.4173732101917267,-0.4173732101917267,0
40.31813430786133,67.54664611816406,166.45761108398438,205.3959503173828,10901.2841796875,5.686870098114014,-0.16215011477470398,9.143680572509766,24.267955780029297,17.815176010131836,20.960662841796875,0.6599999904632569,39.75149154663086,35.980552673339844,1.3298580646514893,16.24176025390625,10.147377967834473,31.745418548583984,5.212673187255859,14.594087600708008,25.050067901611328,25.050067901611328,9.411811828613281,681.1663818359375,107.85002899169922,6.936183452606201,53.50237274169922,298.8995666503906,23.95514678955078,23.95514678955078,212.2659454345703,38.25301742553711,569.4921875,26.534465789794922,0.11009261757135391,0.39653462171554565,-0.4014141857624054,-0.4014141857624054,1
141.55628967285156,91.48326873779297,127.53321075439453,81.79450988769531,1681.818359375,9.909527778625488,-1.0477232933044434,6.552832126617432,23.44455909729004,15.240845680236816,18.935007095336914,0.6935536384582519,38.969947814941406,37.58549499511719,1.2886624336242676,16.574832916259766,11.104317665100098,32.550132751464844,5.1784138679504395,14.952616691589355,25.284608840942383,25.284608840942383,9.723273277282715,603.15533447265625,96.82303619384766,5.850094795227051,53.3275032043457,270.0167541503906,20.200611114501953,20.200611114501953,194.7161407470703,40.56252670288086,568.893310546875,27.36928367614746,0.14273637533187866,0.15850456058979034,-0.26980000734329224,-0.26980000734329224,1
156.69552612304688,113.76458740234375,119.86493682861328,88.15504455566406,804.2471923828125,12.509546279907227,0.5918732285499573,5.587121963500977,23.398162841796875,15.31788444519043,19.094194412231445,0.6915536403656006,38.94835662841797,37.653480529785156,1.286181926727295,16.569835662841797,11.068522453308105,32.52995300292969,5.189482688903809,14.947277069091797,25.283029556274414,25.283029556274414,9.71973991394043,605.23468017578125,97.07880401611328,5.881659984588623,53.31406021118164,270.70880126953125,20.322261810302734,20.322261810302734,195.61647033691406,40.475425720214844,568.9703369140625,27.337177276611328,0.1414746791124344,0.186781644821167,-0.29151803255081177,-0.29151803255081177,1
67.757476806640625,62.53940200805664,212.2665252685547,79.36546325683594,2107.43017578125,3.725505828857422,0.162589892745018,7.535308361053467,23.3142147064209,15.410257339477539,19.05768585205078,0.6876006603240967,39.17592239379883,37.50483703613281,1.2868547439575195,16.571121215820313,11.094209671020508,32.551109313964844,5.177948951721191,14.945545196533203,25.287395477294922,25.287395477294922,9.716824531555176,602.47216796875,96.57704162597656,5.847215175628662,53.262481689453125,269.4521484375,20.246583938598633,20.246583938598633,194.32891845703125,40.56455612182617,569.22149658203125,27.385684967041016,0.129325270652771,0.23165740072727203,-0.317764014005661,-0.317764014005661,0
21.828990936279297,19.321733474731445,251.3927001953125,89.4968490600586,19094.33203125,5.6419677734375,-0.7702443599700928,9.662714004516602,23.371620178222656,15.434957504272461,20.05495262145996,0.6796786785125732,37.71118927001953,38.91719055175781,1.327820062637329,16.55974769592285,11.002364158630371,32.49477767944336,5.210407257080078,14.934337615966797,25.280473709106445,25.280473709106445,9.712590217590332,609.174072265625,97.61778259277344,5.943689823150635,53.30652618408203,272.2100830078125,20.558029174804688,20.558029174804688,197.24952697753906,40.33740234375,569.23455810546875,27.289207458496094,0.11369052529335022,0.31756359338760376,-0.36495187878608704,-0.36495187878608704,0
484.8593444824219,49.150352478027344,251.13052368164063,85.03657531738281,1666.328857421875,9.30068302154541,-0.6507332921028137,6.676959991455078,22.610139846801758,14.650893211364746,17.992069244384766,0.699954891204834,41.19762420654297,36.188262939453125,1.318623423576355,16.56621551513672,10.965776443481445,32.44057083129883,5.232034683227539,14.951467514038086,25.266393661499023,25.266393661499023,9.735440254211426,609.9959716796875,98.00460052490234,5.923192501068115,53.44384765625,272.82733154296875,20.327524185180664,20.327524185180664,198.06985473632813,40.3374137878418,568.27313232421875,27.220670700073242,0.11990757286548615,0.2645145654678345,-0.31453680992126465,-0.31453680992126465,0
432.5077209472656,124.50993347167969,228.80397033691406,126.3133773803711,259.8014221191406,9.865727424621582,3.5206429958343506,4.9373459815979,23.527496337890625,14.764641761779785,17.98810386657715,0.6978227138519287,39.936126708984375,36.511077880859375,1.2959623336791992,16.497636795043945,10.690413475036621,32.26631546020508,5.283128261566162,14.875667572021484,25.23326301574707,25.23326301574707,9.6614990234375,628.2940673828125,100.04554748535156,6.208841800689697,53.255001068115234,278.438720703125,21.492734909057617,21.492734909057617,192.14920043945313,39.61582946777344,569.43206787109375,26.981904983520508,0.12161297351121902,0.1884726732969284,-0.26250144839286804,-0.26250144839286804,0
374.0783386230469,241.3865509033203,168.53213500976563,76.87151336669922,602.89935302734375,4.836801528930664,0.45492076873779297,6.460336685180664,23.710941314697266,14.711220741271973,18.501798629760742,0.7,41.33130645751953,34.9577522277832,1.3430469036102295,16.58342742919922,11.098954200744629,32.52043533325195,5.188807010650635,14.969208717346191,25.27442741394043,25.27442741394043,9.743380546569824,602.52294921875,96.98088073730469,5.8167500495910645,53.44629669189453,270.1109924316406,19.95212745666504,19.95212745666504,194.7942657470703,40.617271423339844,568.1090087890625,27.33472442626953,0.12048887461423874,0.2605336010456085,-0.3125283718109131,-0.3125283718109131,0
261.8374938964844,153.65927124023438,96.39153289794922,106.47373962402344,251.4495086669922,6.588629245758057,2.5004847049713135,5.128685474395752,22.84742546081543,14.784405708312988,18.01484489440918,0.6904685974121094,40.316619873046875,36.83595657348633,1.292622447013855,16.54416847229004,10.83445930480957,32.35379409790039,5.269065856933594,14.931069374084473,25.252071380615234,25.252071380615234,9.72054386138916,618.60498046875,99.18141174316406,6.042929649353027,53.444969177246094,275.9049987792969,20.742197036743164,20.742197036743164,190.35630798339844,40.01722717285156,568.289794921875,27.089656829833984,0.11054424196481705,0.2966562807559967,-0.3258458375930786,-0.3258458375930786,0
187.0081787109375,93.32342529296875,95.85252380371094,64.4500732421875,1660.9639892578125,0.8889527916908264,0.0299892146140337,10.34083080291748,23.320568084716797,14.91596508026123,17.638607025146484,0.699953031539917,39.63358688354492,37.04584503173828,1.3480535745620728,16.598587036132813,11.229093551635742,32.5709228515625,5.147594451904297,14.99081039428711,25.265920639038086,25.265920639038086,9.760661125183105,596.7188720703125,96.55853271484375,5.710484981536865,53.616790771484375,268.7704772949219,19.439376831054688,19.439376831054688,192.4800567626953,40.94925308227539,567.2960205078125,27.4239444732666,0.14252474904060364,0.12490933388471603,-0.23833709955215454,-0.23833709955215454,0
30.12212371826172,75.547149658203125,250.21914672851563,73.08642578125,981.02984619140625,4.241361141204834,-0.26186344027519226,6.9256110191345215,23.45079231262207,15.17709732055664,18.2130184173584,0.6916006565093994,39.24967956542969,37.30585479736328,1.2858887910842896,16.57879638671875,11.143383979797363,32.57469177246094,5.164114952087402,14.955437660217285,25.28740692138672,25.28740692138672,9.72364616394043,600.41485595703125,96.40210723876953,5.81218147277832,53.30970001220703,268.92523193359375,20.083040237426758,20.083040237426758,193.48785400390625,40.664371490478516,568.969482421875,27.414588928222656,0.14237219095230103,0.15373511612415314,-0.2546297013759613,-0.2546297013759613,0
372.4353332519531,61.60508346557617,108.72598266601563,89.75997161865234,331.6271667480469,8.740884780883789,2.21416974067688,5.043736934661865,23.744218826293945,14.56460189819336,18.301044464111328,0.7,40.45622634887695,35.802730560302734,1.312988042831421,16.57390022277832,11.070419311523438,32.51988983154297,5.19140100479126,14.955208778381348,25.279260635375977,25.279260635375977,9.72928237915039,603.79840087890625,96.956573486328125,5.851041316986084,53.35310745239258,270.2314453125,20.162925720214844,20.162925720214844,195.17129516601563,40.52733612060547,568.59844970703125,27.33489418029785,0.11588910967111588,0.2577648162841797,-0.3110866844654083,-0.3110866844654083,0
174.11085510253906,78.7758560180664,99.74231719970703,81.73486328125,2604.58740234375,11.075926780700684,-2.0406010150909424,7.021303176879883,23.679691314697266,15.162466049194336,18.9730167388916,0.6976006507873536,39.51484680175781,36.82030487060547,1.2941854000091553,16.573440551757813,11.092057228088379,32.54142379760742,5.181918621063232,14.95147705078125,25.28350067138672,25.28350067138672,9.721455574035645,604.13470458984375,96.9194107055664,5.864315509796143,53.31291198730469,270.25994873046875,20.257333755493164,20.257333755493164,195.16831970214844,40.51359558105469,568.9278564453125,27.349153518676758,0.13366296887397766,0.16196472942829132,-0.2740532159805298,-0.2740532159805298,0
229.7508544921875,276.2589416503906,56.1181640625,131.71351623535156,1534.508544921875,16.54814910888672,0.12839163839817047,5.896620750427246,23.588640213012695,18.386499404907227,22.834156036376953,0.6710652828216552,39.699676513671875,36.7116813659668,1.2790477275848389,16.527753829956055,10.44963550567627,32.03471755981445,5.408568859100342,14.943008422851563,25.164613723754883,25.164613723754883,9.723122596740723,646.5296630859375,104.6266098022461,6.2869791984558105,54.052001953125,289.26861572265625,21.743587493896484,21.743587493896484,199.53439331054688,39.19196319580078,563.59375,26.60822296142578,0.11450539529323578,0.23166346549987793,-0.3029845952987671,-0.3029845952987671,0
13.851083755493164,78.25025939941406,108.9066390991211,92.35718536376953,1546.0657958984375,9.95572280883789,0.4738813638687134,6.551791667938232,23.034143447875977,18.289718627929688,21.310588836669922,0.6800000190734863,38.97321319580078,37.992645263671875,1.3185601234436035,16.589035034179688,10.729192733764648,32.21832275390625,5.347111225128174,15.006187438964844,25.209203720092773,25.209203720092773,9.796136856079102,627.59033203125,102.36184692382813,6.016928195953369,54.18561553955078,283.20794677734375,20.673925399780273,20.673925399780273,191.98390197753906,39.922054290771484,563.1356201171875,26.868545532226563,0.11319541931152344,0.27336764335632324,-0.3229212462902069,-0.3229212462902069,0
146.1398162841797,217.9324493408203,216.00924682617188,173.8747100830078,8510.072265625,2.8756518363952637,-0.10904906690120697,9.363338470458984,23.902355194091797,19.05478286743164,18.687231063842773,0.671875,40.51717758178711,35.5,1.315782070159912,16.433141708374023,9.98464584350586,31.73309898376465,5.655414581298828,14.815855979919434,25.069040298461914,25.069040298461914,9.68150520324707,679.610107421875,109.32633209228516,6.6733808517456055,54.15209197998047,301.4791259765625,23.119434356689453,23.119434356689453,212.2080841064453,38.295108795166016,560.1090087890625,26.077489852905273,0.12841926515102386,0.14835913479328156,-0.24600264430046082,-0.24600264430046082,0
158.0236358642578,181.4829559326172,224.18600463867188,173.8191375732422,3802.594482421875,3.362689256668091,-0.008148232474923134,8.450260162353516,24.33271598815918,18.780689239501953,18.91946029663086,0.6730045318603516,40.1068115234375,35.5,1.3083001375198364,16.426477432250977,9.993674278259277,31.733379364013672,5.656229019165039,14.81395435333252,25.069869995117188,25.069869995117188,9.680362701416016,679.34136962890625,109.2454605102539,6.677409648895264,54.13290786743164,301.2955322265625,23.143089294433594,23.143089294433594,212.11363220214844,38.3285026550293,560.72625732421875,26.0781307220459,0.13157998025417328,0.20087644457817078,-0.29977819323539734,-0.29977819323539734,0
31.416187286376953,360.2186279296875,338.356689453125,250.6689910888672,988.81353759765625,0.8054306507110596,0.1896204799413681,8.653225898742676,26.9455623626709,17.370710372924805,22.42177391052246,0.6696786403656005,37.85928726196289,35.19193649291992,1.2854596376419067,16.077388763427734,10.339363098144531,31.951900482177734,5.04000186920166,14.343528747558594,25.098026275634766,25.098026275634766,9.161517143249512,687.63250732421875,105.71927642822266,7.377254486083984,52.35232925415039,296.2534484863281,26.205841064453125,26.205841064453125,214.54971313476563,38.420448303222656,581.96466064453125,26.912220001220703,0.1108725294470787,0.24251864850521088,-0.3293614685535431,-0.3293614685535431,0
153.96189880371094,123.3617172241211,180.6453857421875,140.78466796875,3017.273193359375,8.3797454833984375,-0.368259072303772,7.538700580596924,24.529254913330078,19.036806106567383,23.378639221191406,0.6695536613464356,38.17780303955078,37.29762649536133,1.3090745210647583,16.461605072021484,10.64474105834961,32.369102478027344,5.270661354064941,14.80975341796875,25.317840576171875,25.317840576171875,9.636161804199219,634.8428955078125,100.66631317138672,6.371455669403076,53.083499908447266,280.87939453125,22.32082176208496,22.32082176208496,194.125244140625,39.308284759521484,572.297607421875,27.10674476623535,0.11510327458381653,0.2894178032875061,-0.3345257639884949,-0.3345257639884949,0
159.21612548828125,72.67503356933594,81.90827178955078,87.20918273925781,614.510986328125,17.3922176361084,0.9947731494903564,5.087167739868164,23.85429573059082,15.193455696105957,18.573017120361328,0.6956006526947022,40.743839263916016,35.45760726928711,1.2900055646896362,16.574121475219727,11.105995178222656,32.55147933959961,5.174829006195068,14.950639724731445,25.285429000854492,25.285429000854492,9.718372344970703,602.99700927734375,96.65508270263672,5.851207733154297,53.2689208984375,269.5873718261719,20.243663787841797,20.243663787841797,194.64755249023438,40.536399841308594,569.10546875,27.365314483642578,0.12090406566858292,0.27434730529785156,-0.3344728946685791,-0.3344728946685791,0
